Polymer,Mw,Solvent,\eta_0 [Pa s],K [S/m],\gamma [N/m],rho [Kg/m^3],NFES Type,C_{polymer} [wt\%],D_{nozzle} [m],Q [m^3/s],Substrate,L [m],\Phi_0 [V],v_{stage} [m/s],D_{fiber} [m],FiberGap [m],FiberMorphology,FiberStructure,Reference,R_{jet},\Pi_1,Oh
12,4000000.0,3,0.2,0.011822263999999999,25.02865332,1318.828571,10,1.0,0.00010800000000000001,,12,0.0001,200.0,,3.49e-06,,4,6,0,1.745e-06,2.650000033834467e-07,0.8333345059655671
12,4000000.0,3,0.08,0.010818025,25.00000004,1267.176786,10,0.75,0.00010800000000000001,,12,0.0001,200.0,,2.16e-06,,3,4,0,1.2470765814495917e-06,7.239999907561685e-07,0.4024897420159204
12,4000000.0,3,0.055999999999999994,0.00981485,24.99999997,1215.525,10,0.5,0.00010800000000000001,,12,0.0001,200.0,,2.09e-06,,3,4,0,1.4778531726798844e-06,1.1399999563343884e-06,0.26425330702443883
12,4000000.0,3,0.032,0.008780549,25.00000001,1149.1,10,0.25,0.00010800000000000001,,12,0.0001,200.0,,1.2e-06,,3,4,0,1.2e-06,2.2300000831383093e-06,0.17234966299681134
3,80000.0,4,0.007002205,,,1218.538,10,20.0,0.000337,2.83e-10,0,,10000.0,,1.33e-06,,4,2,1,1.48698520503736e-07,,
3,80000.0,4,0.007002205,,,1218.538,10,20.0,0.000337,2.83e-10,0,,15000.0,,1.3e-06,,4,2,1,1.4534441853748633e-07,,
3,80000.0,4,0.007002205,,,1218.538,10,20.0,0.000337,2.83e-10,0,,10000.0,,1.22e-06,,4,2,1,1.3640014662748717e-07,,
3,80000.0,4,0.007002205,,,1218.538,10,14.0,0.000337,2.83e-10,0,,10000.0,,1.22e-06,,4,2,1,1.6302935756657888e-07,,
3,80000.0,4,0.007002205,,,1218.538,10,17.0,0.000337,2.83e-10,0,,20000.0,,1.08e-06,,4,2,1,1.309692375196198e-07,,
3,80000.0,4,0.007002205,,,1218.538,10,17.0,0.000337,2.83e-10,0,,10000.0,,1.03e-06,,4,2,1,1.249058468937115e-07,,
3,80000.0,4,0.007002205,,,1218.538,10,20.0,0.000337,2.83e-10,0,,15000.0,,1.01e-06,,4,2,1,1.1292143286373939e-07,,
3,80000.0,4,0.007002205,,,1218.538,10,17.0,0.000337,2.83e-10,0,,10000.0,,9.84e-07,,4,2,1,1.193275275178758e-07,,
3,80000.0,4,0.007002205,,,1218.538,10,20.0,0.000337,2.83e-10,0,,10000.0,,9.159999999999999e-07,,4,2,1,1.0241191336949035e-07,,
3,80000.0,4,0.007002205,,,1218.538,10,14.0,0.000337,2.83e-10,0,,10000.0,,8.65e-07,,4,2,1,1.1559048712712355e-07,,
3,80000.0,4,0.007002205,,,1218.538,10,17.0,0.000337,2.83e-10,0,,10000.0,,7.72e-07,,4,2,1,9.361875126402452e-08,,
3,80000.0,4,0.007002205,,,1218.538,10,8.0,0.000337,2.83e-10,0,,10000.0,,7.559999999999999e-07,,4,2,1,1.336431816442575e-07,,
3,80000.0,4,0.007002205,,,1218.538,10,17.0,0.000337,2.83e-10,0,,15000.0,,7.23e-07,,4,2,1,8.767662845063436e-08,,
3,80000.0,4,0.007002205,,,1218.538,10,17.0,0.000337,2.83e-10,0,,20000.0,,6.909999999999999e-07,,4,2,1,8.379605845005303e-08,,
3,80000.0,4,0.007002205,,,1218.538,10,14.0,0.000337,2.83e-10,0,,10000.0,,6.27e-07,,4,2,1,8.378639933954505e-08,,
3,80000.0,4,0.007002205,,,1218.538,10,14.0,0.000337,2.83e-10,0,,15000.0,,6.02e-07,,4,2,1,8.044563381563975e-08,,
3,80000.0,4,0.007002205,,,1218.538,10,17.0,0.000337,2.83e-10,0,,15000.0,,5.979999999999999e-07,,4,2,1,7.251815188586355e-08,,
3,80000.0,4,0.007002205,,,1218.538,10,14.0,0.000337,2.83e-10,0,,20000.0,,5.89e-07,,4,2,1,7.870843574320898e-08,,
3,80000.0,4,0.007002205,,,1218.538,10,14.0,0.000337,2.83e-10,0,,15000.0,,5.57e-07,,4,2,1,7.443225587261019e-08,,
3,80000.0,4,0.007002205,,,1218.538,10,14.0,0.000337,2.83e-10,0,,20000.0,,5.420000000000001e-07,,4,2,1,7.242779655826702e-08,,
3,80000.0,4,0.007002205,,,1218.538,10,8.0,0.000337,2.83e-10,0,,10000.0,,5.389999999999999e-07,,4,2,1,9.528263876488727e-08,,
3,80000.0,4,0.007002205,,,1218.538,10,11.0,0.000337,2.83e-10,0,,10000.0,,5.25e-07,,4,2,1,7.914672795166295e-08,,
3,80000.0,4,0.007002205,,,1218.538,10,11.0,0.000337,2.83e-10,0,,10000.0,,5.06e-07,,4,2,1,7.62823701781742e-08,,
3,80000.0,4,0.007002205,,,1218.538,10,11.0,0.000337,2.83e-10,0,,20000.0,,4.95e-07,,4,2,1,7.46240577829965e-08,,
3,80000.0,4,0.007002205,,,1218.538,10,17.0,0.000337,2.83e-10,0,,20000.0,,4.85e-07,,4,2,1,5.8814889071310746e-08,,
3,80000.0,4,0.007002205,,,1218.538,10,11.0,0.000337,2.83e-10,0,,15000.0,,4.6799999999999996e-07,,4,2,1,7.055365463119668e-08,,
3,80000.0,4,0.007002205,,,1218.538,10,11.0,0.000337,2.83e-10,0,,15000.0,,4.38e-07,,4,2,1,6.603098446253023e-08,,
3,80000.0,4,0.007002205,,,1218.538,10,8.0,0.000337,2.83e-10,0,,10000.0,,4.2700000000000005e-07,,4,2,1,7.548364889166396e-08,,
3,80000.0,4,0.007002205,,,1218.538,10,11.0,0.000337,2.83e-10,0,,15000.0,,4.0799999999999995e-07,,4,2,1,6.150831429386377e-08,,
3,80000.0,4,0.007002205,,,1218.538,10,11.0,0.000337,2.83e-10,0,,20000.0,,3.93e-07,,4,2,1,5.924697920953055e-08,,
3,80000.0,4,0.007002205,,,1218.538,10,11.0,0.000337,2.83e-10,0,,20000.0,,3.74e-07,,4,2,1,5.63826214360418e-08,,
3,80000.0,4,0.007002205,,,1218.538,10,8.0,0.000337,2.83e-10,0,,15000.0,,3.65e-07,,4,2,1,6.452349378327247e-08,,
3,80000.0,4,0.007002205,,,1218.538,10,8.0,0.000337,2.83e-10,0,,15000.0,,3.38e-07,,4,2,1,5.975052301026327e-08,,
3,80000.0,4,0.007002205,,,1218.538,10,8.0,0.000337,2.83e-10,0,,20000.0,,2.85e-07,,4,2,1,5.0381358159541516e-08,,
3,80000.0,4,0.007002205,,,1218.538,10,8.0,0.000337,2.83e-10,0,,20000.0,,2.7e-07,,4,2,1,4.772970773009196e-08,,
3,50000.0,2,0.7474335,,,1142.62,5,,0.0005139999999999999,1.39e-11,19,0.03,12000.0,0.0001,4.6500000000000005e-05,,0,6,2,,,
3,50000.0,2,0.7474335,,,1142.62,5,,0.0005139999999999999,1.39e-11,19,0.03,12000.0,0.0001,4.44e-05,,0,6,2,,,
3,50000.0,2,0.7474335,,,1142.62,5,,0.0005139999999999999,1.39e-12,19,0.03,12000.0,0.0001,3.77e-05,,0,6,2,,,
3,50000.0,2,0.7474335,,,1142.62,5,,0.0005139999999999999,1.39e-11,19,0.03,12000.0,0.0002,3.64e-05,,0,6,2,,,
3,50000.0,2,0.7474335,,,1142.62,5,,0.0005139999999999999,1.39e-12,19,0.03,12000.0,0.0001,3.6099999999999997e-05,,0,6,2,,,
3,50000.0,2,0.7474335,,,1142.62,5,,0.0005139999999999999,1.39e-11,19,0.03,12000.0,0.0002,3.52e-05,,0,6,2,,,
3,50000.0,2,0.7474335,,,1142.62,5,,0.0005139999999999999,1.39e-11,19,0.03,12000.0,0.0005,3.37e-05,,0,6,2,,,
3,50000.0,2,0.7474335,,,1142.62,5,,0.0005139999999999999,1.39e-11,19,0.03,12000.0,0.001,3.2200000000000003e-05,,4,6,2,,,
3,50000.0,2,0.7474335,,,1142.62,5,,0.0005139999999999999,1.39e-12,19,0.03,12000.0,0.0002,3.19e-05,,0,6,2,,,
3,50000.0,2,0.7474335,,,1142.62,5,,0.0005139999999999999,1.39e-12,19,0.03,12000.0,0.0002,3.07e-05,,0,6,2,,,
3,50000.0,2,0.7474335,,,1142.62,5,,0.0005139999999999999,1.39e-11,19,0.03,12000.0,0.0015,2.98e-05,,4,6,2,,,
3,50000.0,2,0.7474335,,,1142.62,5,,0.0005139999999999999,1.39e-11,19,0.03,12000.0,0.0005,2.98e-05,,0,6,2,,,
3,50000.0,2,0.7474335,,,1142.62,5,,0.0005139999999999999,1.39e-11,19,0.03,12000.0,0.002,2.8699999999999996e-05,,4,6,2,,,
3,50000.0,2,0.7474335,,,1142.62,5,,0.0005139999999999999,1.39e-12,19,0.03,12000.0,0.0005,2.8600000000000004e-05,,0,6,2,,,
3,50000.0,2,0.7474335,,,1142.62,5,,0.0005139999999999999,1.39e-11,19,0.03,12000.0,0.001,2.7399999999999995e-05,,4,6,2,,,
3,50000.0,2,0.7474335,,,1142.62,5,,0.0005139999999999999,1.39e-11,19,0.03,12000.0,0.0025,2.65e-05,,4,6,2,,,
3,50000.0,2,0.7474335,,,1142.62,5,,0.0005139999999999999,1.39e-12,19,0.03,12000.0,0.0005,2.59e-05,,0,6,2,,,
3,50000.0,2,0.7474335,,,1142.62,5,,0.0005139999999999999,1.39e-12,19,0.03,12000.0,0.001,2.59e-05,,4,6,2,,,
3,50000.0,2,0.7474335,,,1142.62,5,,0.0005139999999999999,1.39e-12,19,0.03,12000.0,0.0015,2.5e-05,,4,6,2,,,
3,50000.0,2,0.7474335,,,1142.62,5,,0.0005139999999999999,1.39e-11,19,0.03,12000.0,0.0015,2.5e-05,,4,6,2,,,
3,50000.0,2,0.7474335,,,1142.62,5,,0.0005139999999999999,1.39e-12,19,0.03,12000.0,0.001,2.46e-05,,4,6,2,,,
3,50000.0,2,0.7474335,,,1142.62,5,,0.0005139999999999999,1.39e-11,19,0.03,12000.0,0.003,2.45e-05,,4,6,2,,,
3,50000.0,2,0.7474335,,,1142.62,5,,0.0005139999999999999,1.39e-12,19,0.03,12000.0,0.0015,2.4e-05,,4,6,2,,,
3,50000.0,2,0.7474335,,,1142.62,5,,0.0005139999999999999,1.39e-12,19,0.03,12000.0,0.002,2.3800000000000003e-05,,4,6,2,,,
3,50000.0,2,0.7474335,,,1142.62,5,,0.0005139999999999999,1.39e-11,19,0.03,12000.0,0.0035,2.3199999999999998e-05,,4,6,2,,,
3,50000.0,2,0.7474335,,,1142.62,5,,0.0005139999999999999,1.39e-11,19,0.03,12000.0,0.002,2.3100000000000002e-05,,4,6,2,,,
3,50000.0,2,0.7474335,,,1142.62,5,,0.0005139999999999999,1.39e-12,19,0.03,12000.0,0.0025,2.2800000000000002e-05,,4,6,2,,,
3,50000.0,2,0.7474335,,,1142.62,5,,0.0005139999999999999,1.39e-11,19,0.03,12000.0,0.004,2.1600000000000003e-05,,4,6,2,,,
3,50000.0,2,0.7474335,,,1142.62,5,,0.0005139999999999999,1.39e-12,19,0.03,12000.0,0.003,2.15e-05,,4,6,2,,,
3,50000.0,2,0.7474335,,,1142.62,5,,0.0005139999999999999,1.39e-11,19,0.03,12000.0,0.0025,2.14e-05,,4,6,2,,,
3,50000.0,2,0.7474335,,,1142.62,5,,0.0005139999999999999,1.39e-12,19,0.03,12000.0,0.0035,2.0399999999999998e-05,,4,6,2,,,
3,50000.0,2,0.7474335,,,1142.62,5,,0.0005139999999999999,1.39e-11,19,0.03,12000.0,0.0001,2.0300000000000002e-05,,0,6,2,,,
3,50000.0,2,0.7474335,,,1142.62,5,,0.0005139999999999999,1.39e-11,19,0.03,12000.0,0.0002,2.01e-05,,0,6,2,,,
3,50000.0,2,0.7474335,,,1142.62,5,,0.0005139999999999999,1.39e-11,19,0.03,12000.0,0.003,1.9600000000000002e-05,,4,6,2,,,
3,50000.0,2,0.7474335,,,1142.62,5,,0.0005139999999999999,1.39e-12,19,0.03,12000.0,0.004,1.9399999999999997e-05,,4,6,2,,,
3,50000.0,2,0.7474335,,,1142.62,5,,0.0005139999999999999,1.39e-11,19,0.03,12000.0,0.0005,1.9399999999999997e-05,,0,6,2,,,
3,50000.0,2,0.7474335,,,1142.62,5,,0.0005139999999999999,1.39e-11,19,0.03,12000.0,0.0015,1.83e-05,,4,6,2,,,
3,50000.0,2,0.7474335,,,1142.62,5,,0.0005139999999999999,1.39e-11,19,0.03,12000.0,0.0045,1.83e-05,,4,6,2,,,
3,50000.0,2,0.7474335,,,1142.62,5,,0.0005139999999999999,1.39e-11,19,0.03,12000.0,0.001,1.82e-05,,4,6,2,,,
3,50000.0,2,0.7474335,,,1142.62,5,,0.0005139999999999999,1.39e-12,19,0.03,12000.0,0.0045,1.82e-05,,4,6,2,,,
3,50000.0,2,0.7474335,,,1142.62,5,,0.0005139999999999999,1.39e-11,19,0.03,12000.0,0.0035,1.7800000000000002e-05,,4,6,2,,,
3,50000.0,2,0.7474335,,,1142.62,5,,0.0005139999999999999,1.39e-11,19,0.03,12000.0,0.002,1.77e-05,,4,6,2,,,
3,50000.0,2,0.7474335,,,1142.62,5,,0.0005139999999999999,1.39e-12,19,0.03,12000.0,0.0025,1.76e-05,,4,6,2,,,
3,50000.0,2,0.7474335,,,1142.62,5,,0.0005139999999999999,1.39e-11,19,0.03,12000.0,0.005,1.7100000000000002e-05,,4,6,2,,,
3,50000.0,2,0.7474335,,,1142.62,5,,0.0005139999999999999,1.39e-11,19,0.03,12000.0,0.0025,1.7100000000000002e-05,,4,6,2,,,
3,50000.0,2,0.7474335,,,1142.62,5,,0.0005139999999999999,1.39e-12,19,0.03,12000.0,0.005,1.6899999999999997e-05,,4,6,2,,,
3,50000.0,2,0.7474335,,,1142.62,5,,0.0005139999999999999,1.39e-12,19,0.03,12000.0,0.003,1.6899999999999997e-05,,4,6,2,,,
3,50000.0,2,0.7474335,,,1142.62,5,,0.0005139999999999999,1.39e-11,19,0.03,12000.0,0.003,1.63e-05,,4,6,2,,,
3,50000.0,2,0.7474335,,,1142.62,5,,0.0005139999999999999,1.39e-12,19,0.03,12000.0,0.0035,1.6100000000000002e-05,,4,6,2,,,
3,50000.0,2,0.7474335,,,1142.62,5,,0.0005139999999999999,1.39e-11,19,0.03,12000.0,0.004,1.57e-05,,4,6,2,,,
3,50000.0,2,0.7474335,,,1142.62,5,,0.0005139999999999999,1.39e-11,19,0.03,12000.0,0.0035,1.53e-05,,4,6,2,,,
3,50000.0,2,0.7474335,,,1142.62,5,,0.0005139999999999999,1.39e-12,19,0.03,12000.0,0.004,1.52e-05,,4,6,2,,,
3,50000.0,2,0.7474335,,,1142.62,5,,0.0005139999999999999,1.39e-12,19,0.03,12000.0,0.0001,1.4499999999999998e-05,,0,6,2,,,
3,50000.0,2,0.7474335,,,1142.62,5,,0.0005139999999999999,1.39e-11,19,0.03,12000.0,0.005,1.4499999999999998e-05,,4,6,2,,,
3,50000.0,2,0.7474335,,,1142.62,5,,0.0005139999999999999,1.39e-11,19,0.03,12000.0,0.004,1.4400000000000001e-05,,4,6,2,,,
3,50000.0,2,0.7474335,,,1142.62,5,,0.0005139999999999999,1.39e-12,19,0.03,12000.0,0.0002,1.4400000000000001e-05,,0,6,2,,,
3,50000.0,2,0.7474335,,,1142.62,5,,0.0005139999999999999,1.39e-12,19,0.03,12000.0,0.0045,1.4000000000000001e-05,,4,6,2,,,
3,50000.0,2,0.7474335,,,1142.62,5,,0.0005139999999999999,1.39e-11,19,0.03,12000.0,0.0045,1.4000000000000001e-05,,4,6,2,,,
3,50000.0,2,0.7474335,,,1142.62,5,,0.0005139999999999999,1.39e-12,19,0.03,12000.0,0.0005,1.3699999999999998e-05,,0,6,2,,,
3,50000.0,2,0.7474335,,,1142.62,5,,0.0005139999999999999,1.39e-12,19,0.03,12000.0,0.0015,1.28e-05,,4,6,2,,,
3,50000.0,2,0.7474335,,,1142.62,5,,0.0005139999999999999,1.39e-12,19,0.03,12000.0,0.001,1.27e-05,,4,6,2,,,
3,50000.0,2,0.7474335,,,1142.62,5,,0.0005139999999999999,1.39e-12,19,0.03,12000.0,0.005,1.21e-05,,4,6,2,,,
3,50000.0,2,0.7474335,,,1142.62,5,,0.0005139999999999999,1.39e-11,19,0.03,12000.0,0.0045,1.18e-05,,4,6,2,,,
3,50000.0,2,0.7474335,,,1142.62,5,,0.0005139999999999999,1.39e-12,19,0.03,12000.0,0.002,1.15e-05,,4,6,2,,,
3,50000.0,2,0.7474335,,,1142.62,5,,0.0005139999999999999,1.39e-12,19,0.03,12000.0,0.0025,1.11e-05,,4,6,2,,,
3,50000.0,2,0.7474335,,,1142.62,5,,0.0005139999999999999,1.39e-12,19,0.03,12000.0,0.003,1.0800000000000002e-05,,4,6,2,,,
3,50000.0,2,0.7474335,,,1142.62,5,,0.0005139999999999999,1.39e-12,19,0.03,12000.0,0.0035,1.06e-05,,4,6,2,,,
3,50000.0,2,0.7474335,,,1142.62,5,,0.0005139999999999999,1.39e-11,19,0.03,12000.0,0.005,1.06e-05,,4,6,2,,,
3,50000.0,2,0.7474335,,,1142.62,5,,0.0005139999999999999,1.39e-12,19,0.03,12000.0,0.004,9e-06,,4,6,2,,,
3,50000.0,2,0.7474335,,,1142.62,5,,0.0005139999999999999,1.39e-12,19,0.03,12000.0,0.0045,8.99e-06,,4,6,2,,,
3,50000.0,2,0.7474335,,,1142.62,5,,0.0005139999999999999,1.39e-12,19,0.03,12000.0,0.005,8.99e-06,,4,6,2,,,
3,80025.0,2,0.7474335,,,1142.62,5,,0.000743,5.56e-12,0,0.04,6000.0,,3.3e-05,,0,5,3,,,
3,80021.0,2,0.7474335,,,1142.62,5,,0.000739,5.56e-12,0,0.03,6000.0,,2.9100000000000003e-05,,0,5,3,,,
3,80017.0,2,0.7474335,,,1142.62,5,,0.000735,5.56e-12,0,0.02,6000.0,,2.6600000000000003e-05,,0,5,3,,,
3,80026.0,2,0.7474335,,,1142.62,5,,0.0007440000000000001,5.56e-12,0,0.04,8000.0,,2.3100000000000002e-05,,0,5,3,,,
3,80018.0,2,0.7474335,,,1142.62,5,,0.000736,5.56e-12,0,0.02,8000.0,,2.24e-05,,0,5,3,,,
3,80029.0,2,0.7474335,,,1142.62,5,,0.0007469999999999999,5.56e-12,0,0.06,8000.0,,2.2e-05,,0,5,3,,,
3,80019.0,2,0.7474335,,,1142.62,5,,0.000737,5.56e-12,0,0.02,10000.0,,2.1e-05,,0,5,3,,,
3,80022.0,2,0.7474335,,,1142.62,5,,0.00074,5.56e-12,0,0.03,8000.0,,2.0399999999999998e-05,,0,5,3,,,
3,80027.0,2,0.7474335,,,1142.62,5,,0.000745,5.56e-12,0,0.04,10000.0,,1.99e-05,,0,5,3,,,
3,80023.0,2,0.7474335,,,1142.62,5,,0.000741,5.56e-12,0,0.03,10000.0,,1.92e-05,,0,5,3,,,
3,80020.0,2,0.7474335,,,1142.62,5,,0.0007379999999999999,5.56e-12,0,0.02,12000.0,,1.83e-05,,0,5,3,,,
3,80024.0,2,0.7474335,,,1142.62,5,,0.000742,5.56e-12,0,0.03,12000.0,,1.82e-05,,0,5,3,,,
3,80009.0,2,0.7474335,,,1142.62,5,,0.000727,2.78e-12,0,0.04,6000.0,,1.57e-05,,0,5,3,,,
3,80005.0,2,0.7474335,,,1142.62,5,,0.000723,2.78e-12,0,0.03,6000.0,,1.51e-05,,0,5,3,,,
3,80013.0,2,0.7474335,,,1142.62,5,,0.000731,2.78e-12,0,0.06,6000.0,,1.4300000000000002e-05,,0,5,3,,,
3,80001.0,2,0.7474335,,,1142.62,5,,0.000719,2.78e-12,0,0.02,6000.0,,1.4000000000000001e-05,,0,5,3,,,
3,80030.0,2,0.7474335,,,1142.62,5,,0.0007480000000000001,5.56e-12,0,0.06,10000.0,,1.4000000000000001e-05,,0,5,3,,,
3,80010.0,2,0.7474335,,,1142.62,5,,0.000728,2.78e-12,0,0.04,8000.0,,1.36e-05,,0,5,3,,,
3,80006.0,2,0.7474335,,,1142.62,5,,0.000724,2.78e-12,0,0.03,8000.0,,1.31e-05,,0,5,3,,,
3,80002.0,2,0.7474335,,,1142.62,5,,0.00072,2.78e-12,0,0.02,8000.0,,1.26e-05,,0,5,3,,,
3,80014.0,2,0.7474335,,,1142.62,5,,0.000732,2.78e-12,0,0.06,8000.0,,1.23e-05,,0,5,3,,,
3,80011.0,2,0.7474335,,,1142.62,5,,0.000729,2.78e-12,0,0.04,10000.0,,1.22e-05,,0,5,3,,,
3,80007.0,2,0.7474335,,,1142.62,5,,0.000725,2.78e-12,0,0.03,10000.0,,1.21e-05,,0,5,3,,,
3,80012.0,2,0.7474335,,,1142.62,5,,0.00073,2.78e-12,0,0.04,12000.0,,1.1599999999999999e-05,,0,5,3,,,
3,80015.0,2,0.7474335,,,1142.62,5,,0.000733,2.78e-12,0,0.06,10000.0,,1.1599999999999999e-05,,0,5,3,,,
3,80031.0,2,0.7474335,,,1142.62,5,,0.000749,5.56e-12,0,0.06,12000.0,,1.1599999999999999e-05,,0,5,3,,,
3,80016.0,2,0.7474335,,,1142.62,5,,0.000734,2.78e-12,0,0.06,12000.0,,1.1400000000000001e-05,,0,5,3,,,
3,80028.0,2,0.7474335,,,1142.62,5,,0.000746,5.56e-12,0,0.04,12000.0,,1.13e-05,,0,5,3,,,
3,80003.0,2,0.7474335,,,1142.62,5,,0.000721,2.78e-12,0,0.02,10000.0,,1.12e-05,,0,5,3,,,
3,80008.0,2,0.7474335,,,1142.62,5,,0.000726,2.78e-12,0,0.03,12000.0,,1.05e-05,,0,5,3,,,
3,80004.0,2,0.7474335,,,1142.62,5,,0.000722,2.78e-12,0,0.02,12000.0,,1.04e-05,,0,5,3,,,
3,80000.0,2,0.7474335,,,1142.62,5,,0.000718,1.39e-12,0,0.04,4000.0,,9.97e-06,,0,5,3,,,
3,80000.0,2,0.7474335,,,1142.62,5,,0.000718,1.39e-12,0,0.03,4000.0,,8.42e-06,,0,5,3,,,
3,80000.0,2,0.7474335,,,1142.62,5,,0.000718,1.39e-12,0,0.02,4000.0,,7.97e-06,,0,5,3,,,
3,80000.0,2,0.7474335,,,1142.62,5,,0.000718,1.39e-12,0,0.04,6000.0,,7.97e-06,,0,5,3,,,
3,80000.0,2,0.7474335,,,1142.62,5,,0.000718,1.39e-12,0,0.03,6000.0,,7.09e-06,,0,5,3,,,
3,80000.0,2,0.7474335,,,1142.62,5,,0.000718,1.39e-12,0,0.04,8000.0,,6.87e-06,,0,5,3,,,
3,80000.0,2,0.7474335,,,1142.62,5,,0.000718,1.39e-12,0,0.02,6000.0,,6.53e-06,,0,5,3,,,
3,80000.0,2,0.7474335,,,1142.62,5,,0.000718,1.39e-12,0,0.04,10000.0,,6.2e-06,,0,5,3,,,
3,80000.0,2,0.7474335,,,1142.62,5,,0.000718,1.39e-12,0,0.03,8000.0,,5.87e-06,,0,5,3,,,
3,80000.0,2,0.7474335,,,1142.62,5,,0.000718,1.39e-12,0,0.04,12000.0,,5.87e-06,,0,5,3,,,
3,80000.0,2,0.7474335,,,1142.62,5,,0.000718,1.39e-12,0,0.03,10000.0,,5.65e-06,,0,5,3,,,
3,80000.0,2,0.7474335,,,1142.62,5,,0.000718,1.39e-12,0,0.02,8000.0,,5.54e-06,,0,5,3,,,
3,80000.0,2,0.7474335,,,1142.62,5,,0.000718,1.39e-12,0,0.03,12000.0,,5.54e-06,,0,5,3,,,
3,80000.0,2,0.7474335,,,1142.62,5,,0.000718,1.39e-12,0,0.02,10000.0,,4.76e-06,,0,5,3,,,
5,300000.0,12,0.958822,0.000400914,1825.546493,1000.62,10,3.0,0.00016,8.329999999999999e-13,12,0.005,1000.0,0.05,3.44e-07,,2,6,4,9.930424630061563e-08,1.6299989173089237e-08,2.2512464548532924
5,300000.0,12,0.958822,0.000456986,1826.077328,1000.62,10,3.0,0.00016,8.329999999999999e-13,12,0.005,1000.0,0.1,3.07e-07,,2,6,4,8.862326632060754e-08,1.4299987000345523e-08,2.3827031680883914
5,300000.0,12,0.958822,0.000514559,1823.5586010000002,1000.62,10,3.0,0.00016,8.329999999999999e-13,12,0.005,1000.0,0.2,2.9e-07,4.210000000000001e-05,4,6,4,8.371578903249573e-08,1.2699989426557301e-08,2.4532389491552564
5,300000.0,12,0.958822,0.000573236,1825.2240219999999,1000.62,10,3.0,0.00016,8.329999999999999e-13,12,0.005,1000.0,0.4,2.1399999999999998e-07,4.91e-05,4,6,4,6.177647880328995e-08,1.1400006034756888e-08,2.8545242550393755
1,380000.0,11,0.0005736280000000001,0.9564793140000001,0.017498991999999998,865.118,10,0.08,0.00026000000000000003,1.39e-11,17,0.0005,1300.0,0.5,1.3800000000000002e-07,8.840000000000001e-05,4,0,5,2.4395183950935893e-07,1.9300000004607547e-06,0.2984929670738828
12,4000000.0,3,0.055999999999999994,0.00981485,25.00000005,1215.525,10,0.25,0.00010800000000000001,,12,0.0001,200.0,0.06,4.08e-06,,4,6,6,4.08e-06,1.1399999563343884e-06,0.15903986299675912
5,300000.0,12,0.958822,0.005737956,8886.777497,1000.62,10,7.0,0.0001,2.8e-14,19,0.0005,1200.0,0.12,2.31e-06,,4,3,7,4.365489663256574e-07,1.6399998810463964e-07,0.48664780100032123
5,300000.0,12,0.958822,0.005732363000000001,8900.280401,1000.62,10,7.0,0.0001,2.8e-14,19,0.0005,1000.0,0.12,9.95e-07,,4,3,7,1.8803732532209054e-07,1.1400000068627716e-07,0.7409339990159142
5,300000.0,12,0.958822,0.005728343,8880.520257,1000.62,10,9.0,0.0001,2.8e-14,19,0.001,500.0,0.12,1.1900000000000001e-07,,4,3,7,1.9833333333333332e-08,7.130000179960307e-09,2.2839486770070523
5,300000.0,12,0.958822,0.005728343,8902.964704,1000.62,10,7.0,0.0001,2.8e-14,19,0.001,500.0,0.12,7.45e-08,,4,3,7,1.4079176619593713e-08,7.130000179960307e-09,2.7073689659485534
5,300000.0,12,0.958822,0.005729222,8902.964706,1000.62,10,7.0,0.0001,2.8e-14,19,0.0005,800.0,0.12,7.34e-08,,4,3,7,1.3871296159438637e-08,7.300000017415166e-08,2.7275803480749876
5,300000.0,12,0.958822,0.005729222,8902.964703,1000.62,10,7.0,0.0001,2.8e-14,19,0.0005,800.0,0.12,5.97e-08,,4,3,7,1.1282239519325432e-08,7.300000017415166e-08,3.024394343998062
5,300000.0,12,0.958822,0.005728343,8902.964707,1000.62,10,5.0,0.0001,2.8e-14,19,0.001,500.0,0.12,5.76e-08,,4,3,7,1.2879751550398788e-08,7.130000179960307e-09,2.83062496098452
5,300000.0,12,0.958822,0.005744961999999999,8902.964705,1000.62,10,7.0,0.0001,2.8e-14,19,0.001,800.0,0.12,5.5800000000000003e-08,,4,3,7,1.054520879695744e-08,1.8199998842366302e-08,3.128300638039781
5,300000.0,12,0.958822,0.005730007,8902.964701,1000.62,10,7.0,0.0001,2.8e-14,19,0.0015,800.0,0.12,4.87e-08,,4,3,7,9.203434917774681e-09,8.109999923749435e-09,3.3485832630814
5,300000.0,12,0.958822,0.005728343,8902.964706,1000.62,10,3.0,0.0001,2.8e-14,19,0.001,500.0,0.12,3.75e-08,,4,3,7,1.0825317547305483e-08,7.130000179960307e-09,3.0875624640552455
5,300000.0,12,0.958822,0.005723995,8902.964706,1000.62,10,7.0,0.0001,2.8e-14,19,0.0005,600.0,0.12,2.88e-08,,4,3,7,5.442688411332872e-09,4.109999728096136e-08,4.354410201929529
25,534000.0,2,0.7474335,,,1142.62,10,18.0,,,19,0.00035,,,2.16e-06,,4,6,8,2.545584412271571e-07,,
25,534000.0,2,0.7474335,,,1142.62,10,18.0,,,19,0.00035,,,1.81e-06,,4,6,8,2.1331054565794183e-07,,
25,534000.0,2,0.7474335,,,1142.62,10,18.0,,,19,0.00035,,,1.46e-06,,4,6,8,1.7206265008872657e-07,,
25,534000.0,2,0.7474335,,,1142.62,10,18.0,,,19,0.00035,,,1.07e-06,,4,6,8,1.2610070931160098e-07,,
25,534000.0,2,0.7474335,,,1142.62,10,18.0,,,19,0.00035,,,9.19e-06,,4,0,9,1.0830518865173953e-06,,
25,534000.0,2,0.7474335,,,1142.62,10,18.0,,,19,0.00035,,,7.66e-06,,4,0,9,9.027396573148257e-07,,
25,534000.0,2,0.7474335,,,1142.62,10,18.0,,,19,0.00035,,,6.13e-06,,4,0,9,7.22427428112256e-07,,
24,,2,0.7474335,,,1142.62,10,10.0,,,18,,2000.0,0.1,9.32e-06,5.22e-05,4,0,10,1.4736213896384648e-06,,
19,,2,0.7474335,,,1142.62,0,,,,9,,,,3.05e-07,,4,0,11,,,
19,54000.0,2,0.7474335,,,1142.62,0,25.0,,,12,0.001,,,2.9999999999999997e-05,,4,0,12,3e-06,,
19,54000.0,2,0.7474335,,,1142.62,0,25.0,,,12,0.001,,,1e-05,,4,0,12,1.0000000000000002e-06,,
3,83000.0,14,,,,,5,,0.00018,,0,0.0015,2900.0,0.09167,8.170000000000001e-07,0.0001006,4,3,13,,,
2,,2,0.7474335,,,1142.62,8,9.0,,,12,0.00185,500.0,,3.4899999999999996e-07,,4,0,14,5.816666666666666e-08,,
2,,2,0.7474335,,,1142.62,8,9.0,,,12,0.00185,300.0,,2.48e-07,,4,0,14,4.133333333333333e-08,,
2,,2,0.7474335,,,1142.62,8,9.0,,,12,0.00185,100.0,,1.78e-07,,4,0,14,2.9666666666666668e-08,,
2,,2,0.7474335,,,1142.62,8,9.0,,,12,0.00185,35.0,,1.3e-07,,4,0,14,2.1666666666666665e-08,,
4,,2,0.7474335,,,1142.62,10,18.0,0.00084,2.5399999999999998e-11,0,0.0018,1200.0,0.03,2.52e-05,,4,3,15,2.9698484809834993e-06,,
4,,8,0.0162,,,1484.0,10,18.0,0.00033999999999999997,4.17e-12,0,0.0018,1300.0,0.03,1.23e-05,,4,3,15,1.4495689014324224e-06,,
4,,8,0.0162,,,1484.0,10,18.0,0.00033999999999999997,2.78e-12,0,0.0018,1200.0,0.01,1.01e-05,,4,3,15,1.190296414997355e-06,,
4,,8,0.0162,,,1484.0,10,18.0,0.00033999999999999997,4.17e-12,0,0.002,1300.0,0.03,8.75e-06,,4,3,15,1.0311973892303817e-06,,
4,,8,0.0162,,,1484.0,10,18.0,0.00033999999999999997,2.78e-12,0,0.0018,1200.0,0.02,8.14e-06,,4,3,15,9.593081998097494e-07,,
4,,8,0.0162,,,1484.0,10,18.0,0.00033999999999999997,4.17e-12,0,0.0024,1300.0,0.03,8.12e-06,,4,3,15,9.569511772057944e-07,,
4,,2,0.7474335,,,1142.62,10,18.0,0.0005099999999999999,9.36e-12,0,0.0018,1200.0,0.03,7.97e-06,,4,3,15,9.392735076761306e-07,,
4,,8,0.0162,,,1484.0,10,18.0,0.00033999999999999997,4.17e-12,0,0.0022,1300.0,0.03,7.66e-06,,4,3,15,9.027396573148257e-07,,
4,,8,0.0162,,,1484.0,10,18.0,0.00033999999999999997,4.17e-12,0,0.0026,1300.0,0.03,7.66e-06,,4,3,15,9.027396573148257e-07,,
4,,8,0.0162,,,1484.0,10,18.0,0.00033999999999999997,4.17e-12,0,0.0028,1300.0,0.03,7.34e-06,,4,3,15,8.650272956515431e-07,,
4,,8,0.0162,,,1484.0,10,18.0,0.00033999999999999997,4.17e-12,0,0.003,1300.0,0.03,6.72e-06,,4,3,15,7.919595949289333e-07,,
4,,8,0.0162,,,1484.0,10,18.0,0.00033999999999999997,2.78e-12,0,0.0018,1200.0,0.03,6.62e-06,,4,3,15,7.801744819091574e-07,,
4,,8,0.0162,,,1484.0,10,18.0,0.00033999999999999997,2.78e-12,0,0.0018,1200.0,0.04,6.15e-06,,4,3,15,7.247844507162112e-07,,
4,,8,0.0162,,,1484.0,10,18.0,0.00033999999999999997,4.17e-12,0,0.0018,1200.0,0.03,5.94e-06,,4,3,15,7.00035713374682e-07,,
4,,8,0.0162,,,1484.0,10,22.0,0.00033999999999999997,4.17e-12,0,0.0025,1200.0,0.03,5.78e-06,,4,3,15,6.161500702677141e-07,,
4,,8,0.0162,,,1484.0,10,16.0,0.00033999999999999997,4.17e-12,0,0.0018,1600.0,0.03,5.51e-06,,4,3,15,6.8875e-07,,
4,,8,0.0162,,,1484.0,10,16.0,0.00033999999999999997,4.17e-12,0,0.0018,1500.0,0.03,5.35e-06,,4,3,15,6.6875e-07,,
4,,8,0.0162,,,1484.0,10,18.0,0.00033999999999999997,2.78e-12,0,0.0018,1200.0,0.05,5.21e-06,,4,3,15,6.140043883303188e-07,,
4,,8,0.0162,,,1484.0,10,16.0,0.00033999999999999997,4.17e-12,0,0.0018,1200.0,0.03,5.17e-06,,4,3,15,6.4625e-07,,
4,,8,0.0162,,,1484.0,10,16.0,0.00033999999999999997,4.17e-12,0,0.0018,1400.0,0.03,4.93e-06,,4,3,15,6.1625e-07,,
4,,8,0.0162,,,1484.0,10,20.0,0.00033999999999999997,4.17e-12,0,0.0025,1200.0,0.03,4.81e-06,,4,3,15,5.377743485886994e-07,,
4,,8,0.0162,,,1484.0,10,16.0,0.00033999999999999997,4.17e-12,0,0.0018,1300.0,0.03,4.62e-06,,4,3,15,5.775e-07,,
4,,8,0.0162,,,1484.0,10,16.0,0.00033999999999999997,4.17e-12,0,0.0018,1100.0,0.03,4.56e-06,,4,3,15,5.7e-07,,
4,,8,0.0162,,,1484.0,10,18.0,0.00033999999999999997,4.17e-12,0,0.0025,1200.0,0.03,3.88e-06,,4,3,15,4.5726238516730074e-07,,
4,,8,0.0162,,,1484.0,10,16.0,0.00033999999999999997,4.17e-12,0,0.0025,1200.0,0.03,3.81e-06,,4,3,15,4.7625e-07,,
4,,8,0.0162,,,1484.0,10,18.0,0.00033999999999999997,2.78e-12,0,0.0018,1200.0,0.1,3.63e-06,,4,3,15,4.2779960261786124e-07,,
4,,8,0.0162,,,1484.0,10,14.0,0.00033999999999999997,4.17e-12,0,0.0025,1200.0,0.03,3.19e-06,,4,3,15,4.2628168085031693e-07,,
20,,2,0.7474335,,,1142.62,10,20.0,,1.39e-11,19,0.002,2400.0,0.06,5.64e-06,,4,3,16,6.305711696549407e-07,,
20,,2,0.7474335,,,1142.62,10,24.0,,1.39e-11,19,0.002,1600.0,0.06,4.68e-06,,4,3,16,4.776504998427198e-07,,
20,,2,0.7474335,,,1142.62,10,20.0,,4.17e-11,19,0.002,1600.0,0.06,3.96e-06,,4,3,16,4.4274145954495834e-07,,
20,,2,0.7474335,,,1142.62,10,20.0,,1.39e-11,19,0.0016,1600.0,0.06,3.8e-06,,4,3,16,4.2485291572496e-07,,
20,,2,0.7474335,,,1142.62,10,20.0,,2.78e-11,19,0.002,1600.0,0.06,3.19e-06,,4,3,16,3.5665284241121644e-07,,
20,,2,0.7474335,,,1142.62,10,20.0,,1.39e-11,19,0.002,2200.0,0.06,3.12e-06,,4,3,16,3.488266044899672e-07,,
20,,2,0.7474335,,,1142.62,10,20.0,,1.39e-11,19,0.002,2000.0,0.06,2.8e-06,,4,3,16,3.130495168499705e-07,,
20,,2,0.7474335,,,1142.62,10,22.0,,1.39e-11,19,0.002,1600.0,0.06,2.69e-06,,4,3,16,2.8675496349829604e-07,,
20,,2,0.7474335,,,1142.62,10,20.0,,1.39e-11,19,0.0018,1600.0,0.06,2.59e-06,,4,3,16,2.895708030862228e-07,,
20,,2,0.7474335,,,1142.62,10,20.0,,1.39e-11,19,0.002,1600.0,0.06,1.84e-06,,4,3,16,2.0571825392998064e-07,,
20,,2,0.7474335,,,1142.62,10,20.0,,1.39e-11,19,0.002,1600.0,0.06,1.84e-06,,4,3,16,2.0571825392998064e-07,,
20,,2,0.7474335,,,1142.62,10,20.0,,1.39e-11,19,0.002,1600.0,0.06,1.82e-06,,4,3,16,2.0348218595248085e-07,,
20,,2,0.7474335,,,1142.62,4,20.0,,1.39e-11,19,0.002,1600.0,0.06,1.82e-06,,4,3,16,2.0348218595248085e-07,,
20,,2,0.7474335,,,1142.62,10,20.0,,1.39e-11,19,0.002,1200.0,0.06,1.76e-06,,4,3,16,1.967739820199815e-07,,
20,,2,0.7474335,,,1142.62,10,20.0,,1.39e-11,19,0.002,1800.0,0.06,1.73e-06,,4,3,16,1.934198800537318e-07,,
20,,2,0.7474335,,,1142.62,10,18.0,,1.39e-11,19,0.002,1600.0,0.06,1.58e-06,,4,3,16,1.862047857124575e-07,,
20,,2,0.7474335,,,1142.62,10,20.0,,1.39e-11,19,0.0024,1600.0,0.06,1.49e-06,,4,3,16,1.6658706432373433e-07,,
20,,2,0.7474335,,,1142.62,10,16.0,,1.39e-11,19,0.002,1600.0,0.06,1.46e-06,,4,3,16,1.825e-07,,
20,,2,0.7474335,,,1142.62,10,20.0,,1.39e-11,19,0.002,1400.0,0.06,1.42e-06,,4,3,16,1.5876082640248505e-07,,
20,,2,0.7474335,,,1142.62,10,20.0,,1.39e-11,19,0.0022,1600.0,0.06,1.41e-06,,4,3,16,1.5764279241373517e-07,,
12,4000000.0,2,0.7474335,,,1142.62,10,0.5,,,19,,,0.06,5.98e-06,,4,0,17,4.228498551495555e-06,,
12,4000000.0,2,0.7474335,,,1142.62,10,0.5,,,19,,,0.04,5.89e-06,,4,0,17,4.164858941188765e-06,,
12,4000000.0,2,0.7474335,,,1142.62,10,0.5,,,19,,,0.04,5.89e-06,,4,0,17,4.164858941188765e-06,,
12,4000000.0,2,0.7474335,,,1142.62,10,0.5,,,19,,,0.04,5.48e-06,,4,0,17,3.874945160902281e-06,,
12,4000000.0,2,0.7474335,,,1142.62,10,0.5,,,19,,,0.02,5.38e-06,,4,0,17,3.804234482783626e-06,,
12,4000000.0,2,0.7474335,,,1142.62,10,0.5,,,19,,,0.06,5.35e-06,,4,0,17,3.783021279348029e-06,,
12,4000000.0,2,0.7474335,,,1142.62,10,0.5,,,19,,,0.04,5.35e-06,,4,0,17,3.783021279348029e-06,,
12,4000000.0,2,0.7474335,,,1142.62,10,0.5,,,19,,,0.02,5.27e-06,,4,0,17,3.726452736853106e-06,,
5,300000.0,12,0.958822,0.000859481,79922.00232,1000.62,10,8.0,0.0004,,12,0.0005,1100.0,0.2,7.4e-07,2e-05,4,6,18,1.308147545195113e-07,9.199995776289736e-07,0.29644344900286007
7,900000.0,7,0.002180244,0.062989557,4.483887469,1095.6,10,5.0,0.0004,2.8e-14,19,0.0005,1200.0,,7.85e-07,0.0001,1,0,19,1.755313362337335e-07,6.569999953490756e-06,0.07424623000360257
7,900000.0,7,0.002180244,0.06302409,4.4854179830000005,1095.6,10,5.0,0.0004,2.8e-14,19,0.0005,1000.0,,5.81e-07,0.0001,1,0,19,1.299155494927378e-07,4.560000021865574e-06,0.08628733600117547
7,900000.0,7,0.002180244,0.063075962,4.488868844,1095.6,10,5.0,0.0004,2.8e-14,19,0.0015,800.0,,4.71e-07,0.0001,1,0,19,1.053188017402401e-07,3.239999999048009e-07,0.09579827199795828
7,900000.0,7,0.002180244,0.062989557,4.48838749,1095.6,10,5.0,0.0004,2.8e-14,19,0.001,800.0,,4.42e-07,0.0001,1,0,19,9.883420460549071e-08,7.299999948323063e-07,0.09889635400328513
7,900000.0,7,0.002180244,0.062989557,4.485422623,1095.6,10,5.0,0.0004,2.8e-14,19,0.0005,800.0,,4.15e-07,0.0001,1,0,19,9.279682106624126e-08,2.9199999793292252e-06,0.10209650000329136
7,900000.0,7,0.002180244,0.063085577,3.768143397,1095.6,10,5.0,0.0004,2.8e-14,19,0.0005,600.0,,3.2e-07,0.0001,1,0,19,7.155417527999327e-08,1.6400000057081326e-06,0.12685216599605978
7,900000.0,7,0.002180244,0.062989557,4.482279315,1095.6,10,5.0,0.0004,2.8e-14,19,0.0005,800.0,,2.82e-07,0.0001,1,0,19,6.305711696549407e-08,2.9199999793292252e-06,0.12389750899686146
7,900000.0,2,0.7474335,,,1142.62,10,5.0,,,7,0.0005,800.0,0.2,7.38e-07,0.0001,4,3,20,1.6502181673948446e-07,,
7,900000.0,2,0.7474335,,,1142.62,10,5.0,,,7,0.0005,800.0,0.2,7.27e-07,2e-05,4,0,20,1.625621419642347e-07,,
7,900000.0,2,0.7474335,,,1142.62,10,5.0,,,7,0.0005,800.0,0.2,7.27e-07,4e-05,4,0,20,1.625621419642347e-07,,
7,900000.0,2,0.7474335,,,1142.62,10,5.0,,,7,0.0005,800.0,0.2,7.27e-07,0.0001,4,0,20,1.625621419642347e-07,,
7,900000.0,2,0.7474335,,,1142.62,10,5.0,,,7,0.0005,800.0,0.2,7.22e-07,0.0001,4,0,20,1.6144410797548482e-07,,
7,900000.0,2,0.7474335,,,1142.62,10,5.0,,,7,0.0005,800.0,0.2,7.2e-07,0.0001,1,0,20,1.6099689437998486e-07,,
7,900000.0,2,0.7474335,,,1142.62,10,5.0,,,7,0.0005,800.0,0.2,5.31e-07,,2,5,20,1.1873520960523883e-07,,
25,534000.0,2,0.7474335,,,1142.62,7,16.0,,,19,0.0012,1440.0,,2.91e-06,,4,0,21,3.6375e-07,,
25,534000.0,2,0.7474335,,,1142.62,7,16.0,,,19,0.0012,1440.0,,9.070000000000001e-07,,4,0,21,1.1337500000000001e-07,,
5,300000.0,13,1.048316,0.0026172079999999998,11886.69945,894.313,10,20.0,4e-05,,12,0.001,1700.0,0.25,2.82e-06,,2,6,22,3.1528558482747033e-07,1.649999932261603e-07,0.5726176680824366
5,300000.0,13,1.048316,0.003925812,11920.14681,894.313,10,20.0,4e-05,,12,0.001,1700.0,0.15,2.45e-06,,0,6,22,2.7391832724372423e-07,1.0999999548410687e-07,0.6134739059967114
5,300000.0,13,1.048316,0.005240768,11918.20629,894.313,10,20.0,4e-05,,12,0.001,1700.0,0.35,1.89e-06,,4,6,22,2.113084238737301e-07,8.240000363905683e-08,0.6985276280052599
5,300000.0,13,1.048316,0.007865925,11913.789840000001,894.313,10,20.0,4e-05,,12,0.001,1700.0,0.05,8.159999999999999e-07,,0,6,22,9.123157348199141e-08,5.490000251355722e-08,1.0632855021443233
2,150000.0,5,0.9445,,,802.0,8,11.0,0.00015900000000000002,,12,,900.0,,2.53e-06,,4,0,23,3.81411850890871e-07,,
2,150000.0,5,0.9445,,,802.0,8,11.0,0.00015900000000000002,,12,,800.0,,1.38e-06,,4,0,23,2.080428277586569e-07,,
2,150000.0,5,0.9445,,,802.0,8,11.0,0.00015900000000000002,,12,,600.0,,8.990000000000001e-07,,4,0,23,1.3552934938770476e-07,,
2,150000.0,5,0.9445,,,802.0,8,11.0,0.00015900000000000002,,12,,500.0,,8.95e-07,,4,0,23,1.3492632669854923e-07,,
2,150000.0,5,0.9445,,,802.0,8,11.0,0.00015900000000000002,,12,,700.0,,8.709999999999999e-07,,4,0,23,1.3130819056361604e-07,,
2,150000.0,5,0.9445,,,802.0,8,11.0,0.00015900000000000002,,12,0.0007,,,8.39e-07,,4,0,23,1.2648400905037185e-07,,
2,150000.0,5,0.9445,,,802.0,8,11.0,0.00015900000000000002,,12,0.0025,,,6.32e-07,,4,0,23,9.527758488657332e-08,,
2,150000.0,5,0.9445,,,802.0,8,11.0,0.00015900000000000002,,12,0.0045,,,5.59e-07,,4,0,23,8.427242080948493e-08,,
2,150000.0,5,0.9445,,,802.0,8,11.0,0.00015900000000000002,,12,,400.0,,5.070000000000001e-07,,4,0,23,7.64331258504631e-08,,
2,150000.0,5,0.9445,,,802.0,8,11.0,0.00015900000000000002,,12,0.01,,,4.0899999999999997e-07,,4,0,23,6.165906996615265e-08,,
21,2000.0,2,0.7474335,0.010288334,32235.64483,1142.62,10,20.0,0.00075,1.6699999999999998e-11,19,0.0005,9000.0,0.01,6.9e-05,0.00047999999999999996,2,3,24,7.714434522374273e-06,6.599999968893082e-06,0.04434058500072039
22,2000.0,2,0.7474335,0.010288334,32164.67635,1142.62,10,20.0,0.00075,1.6699999999999998e-11,19,0.0005,9000.0,0.01,1.87e-05,0.000352,2,3,24,2.0907235589623034e-06,6.599999968893082e-06,0.08526754299891534
3,80000.0,2,0.7474335,,,1142.62,10,,0.0009119999999999999,,19,0.005,3000.0,0.05,0.0001505,0.001,4,3,25,,,
3,80000.0,2,0.7474335,,,1142.62,10,,0.0009119999999999999,,19,0.005,3000.0,0.05,0.0001268,0.001,4,3,25,,,
3,80000.0,2,0.7474335,,,1142.62,10,,0.0009119999999999999,,19,0.005,3000.0,0.05,0.00010829999999999999,0.001,4,3,25,,,
16,50000.0,14,,,,,5,,0.000337,,0,0.005,4000.0,0.0033299999999999996,5.91e-05,,4,2,26,,,
16,50000.0,14,,,,,5,,0.00026000000000000003,,0,0.003,5000.0,0.0033299999999999996,4.84e-05,,4,2,26,,,
16,50000.0,14,,,,,5,,0.000337,,0,0.005,5000.0,0.0033299999999999996,4.6700000000000003e-05,,4,2,26,,,
16,50000.0,14,,,,,5,,0.00026000000000000003,,0,0.005,6000.0,0.0033299999999999996,4.55e-05,,4,2,26,,,
16,50000.0,14,,,,,5,,0.00026000000000000003,,0,0.005,6500.0,0.0033299999999999996,4.47e-05,,4,2,26,,,
16,50000.0,14,,,,,5,,0.00026000000000000003,,0,0.005,5000.0,0.0033299999999999996,4.45e-05,,4,2,26,,,
16,50000.0,14,,,,,5,,0.00026000000000000003,,0,0.004,5000.0,0.0033299999999999996,4.44e-05,,4,2,26,,,
16,50000.0,14,,,,,5,,0.00026000000000000003,,0,0.005,5000.0,0.0033299999999999996,4.3700000000000005e-05,,4,2,26,,,
16,50000.0,14,,,,,5,,0.00026000000000000003,,0,0.006999999999999999,5000.0,0.0033299999999999996,4.36e-05,,4,2,26,,,
16,50000.0,14,,,,,5,,0.00026000000000000003,,0,0.006,5000.0,0.0033299999999999996,4.07e-05,,4,2,26,,,
16,50000.0,14,,,,,5,,0.00026000000000000003,,0,0.005,4000.0,0.0033299999999999996,4.01e-05,,4,2,26,,,
16,50000.0,14,,,,,5,,0.00021,,0,0.005,3000.0,0.0033299999999999996,3.8900000000000004e-05,,4,2,26,,,
16,50000.0,14,,,,,5,,0.00026000000000000003,,0,0.005,3000.0,0.0033299999999999996,3.78e-05,,4,2,26,,,
16,50000.0,14,,,,,5,,0.000337,,0,0.005,6000.0,0.0033299999999999996,3.09e-05,,4,2,26,,,
16,50000.0,14,,,,,5,,0.00021,,0,0.005,6000.0,0.0033299999999999996,3.05e-05,,4,2,26,,,
16,50000.0,14,,,,,5,,0.00021,,0,0.005,5000.0,0.0033299999999999996,3.02e-05,,4,2,26,,,
16,50000.0,14,,,,,5,,0.00021,,0,0.005,4000.0,0.0033299999999999996,2.8600000000000004e-05,,4,2,26,,,
16,50000.0,14,,,,,5,,0.00021,,0,0.006,5000.0,0.0033299999999999996,2.84e-05,,4,2,26,,,
16,50000.0,14,,,,,5,,0.00021,,0,0.005,7000.0,0.0033299999999999996,2.8300000000000003e-05,,4,2,26,,,
16,50000.0,14,,,,,5,,0.00021,,0,0.003,5000.0,0.0033299999999999996,2.8100000000000002e-05,,4,2,26,,,
16,50000.0,14,,,,,5,,0.00021,,0,0.004,5000.0,0.0033299999999999996,2.75e-05,,4,2,26,,,
16,50000.0,14,,,,,5,,0.00021,,0,0.006999999999999999,5000.0,0.0033299999999999996,2.6899999999999997e-05,,4,2,26,,,
16,50000.0,14,,,,,5,,0.00021,,0,0.005,5000.0,0.0033299999999999996,2.57e-05,,4,2,26,,,
16,50000.0,14,,,,,5,,0.00016,,0,0.005,3000.0,0.0033299999999999996,2.12e-05,,4,2,26,,,
16,50000.0,14,,,,,5,,0.00016,,0,0.005,4000.0,0.0033299999999999996,2.0399999999999998e-05,,4,2,26,,,
16,50000.0,14,,,,,5,,0.00016,,0,0.005,7000.0,0.0033299999999999996,1.8100000000000003e-05,,4,2,26,,,
16,50000.0,14,,,,,5,,0.00016,,0,0.005,6000.0,0.0033299999999999996,1.6e-05,,4,2,26,,,
16,50000.0,14,,,,,5,,0.000337,,0,0.005,7000.0,0.0033299999999999996,1.4999999999999999e-05,,4,2,26,,,
16,50000.0,14,,,,,5,,0.00016,,0,0.005,5000.0,0.0033299999999999996,1.4099999999999999e-05,,4,2,26,,,
16,50000.0,14,,,,,5,,0.00016,,0,0.003,5000.0,0.0033299999999999996,1.36e-05,,4,2,26,,,
16,50000.0,14,,,,,5,,0.00016,,0,0.004,5000.0,0.0033299999999999996,1.3300000000000001e-05,,4,2,26,,,
16,50000.0,14,,,,,5,,0.00016,,0,0.006999999999999999,5000.0,0.0033299999999999996,1.29e-05,,4,2,26,,,
16,50000.0,14,,,,,5,,0.00016,,0,0.006,5000.0,0.0033299999999999996,1.26e-05,,4,2,26,,,
16,50000.0,14,,,,,5,,0.00016,,0,0.005,5000.0,0.0033299999999999996,1.25e-05,,4,2,26,,,
18,72000.0,14,,,,,5,,0.000337,,12,0.0035,4000.0,0.08333,3.1e-05,,4,3,27,,,
5,300000.0,2,0.7474335,,,1142.62,10,,,2.0000000000000002e-11,19,0.0075,,0.4,,,4,6,28,,,
5,300000.0,2,0.7474335,6.12e-05,34838.96486,1142.62,10,6.0,,,19,0.005,900.0,0.05,3.5200000000000003e-07,,0,0,28,7.18516991216399e-08,1.1095262104568895e-07,0.4419473209851261
5,300000.0,2,0.7474335,6.12e-05,34838.964980000004,1142.62,10,6.0,,,19,0.005,900.0,0.1,3.1e-07,,2,0,28,6.327848502189877e-08,1.1095262104568895e-07,0.47093502296929346
5,300000.0,2,0.7474335,6.12e-05,34838.964980000004,1142.62,10,6.0,,,19,0.005,900.0,0.2,2.87e-07,,4,0,28,5.858362968156435e-08,1.1095262104568895e-07,0.489441610004599
5,300000.0,2,0.7474335,6.12e-05,34838.96488,1142.62,10,6.0,,,19,0.005,900.0,0.4,2.12e-07,5e-06,4,0,28,4.3274318789169476e-08,1.1095262104568895e-07,0.5694740080277121
19,33000.0,2,0.7474335,,,1142.62,10,15.0,0.00109,8.33e-10,19,0.2,15000.0,,8.95e-06,,1,5,29,1.155440031618546e-06,,
19,33000.0,2,0.7474335,,,1142.62,10,10.0,0.00109,8.33e-10,19,0.2,15000.0,,5.74e-06,,1,5,29,9.075736884683249e-07,,
19,33000.0,2,0.7474335,,,1142.62,10,4.0,0.00109,8.33e-10,19,0.2,15000.0,,4.56e-06,,1,5,29,1.14e-06,,
19,33000.0,2,0.7474335,,,1142.62,10,2.0,0.00109,8.33e-10,19,0.2,15000.0,,4.36e-06,,1,5,29,1.5414927829866736e-06,,
19,33000.0,2,0.7474335,,,1142.62,10,25.0,0.00109,8.33e-10,19,0.2,15349.318619999998,,3.27e-06,,1,5,29,3.27e-07,,
19,33000.0,2,0.7474335,,,1142.62,10,25.0,0.00109,8.33e-10,19,0.2,15000.0,,3.23e-06,,1,5,29,3.23e-07,,
19,33000.0,2,0.7474335,,,1142.62,10,25.0,0.00109,8.33e-10,19,0.2,20327.0367,,3.01e-06,,1,5,29,3.01e-07,,
19,33000.0,2,0.7474335,,,1142.62,10,25.0,0.00109,8.33e-10,19,0.2,25332.23016,,2.81e-06,,1,5,29,2.8100000000000004e-07,,
19,33000.0,2,0.7474335,,,1142.62,10,20.0,0.00109,8.33e-10,19,0.15,16068.228819999998,,2.55e-06,,1,5,29,2.850986671312232e-07,,
19,33000.0,2,0.7474335,,,1142.62,10,25.0,0.00109,8.33e-10,19,0.15,25289.84823,,2.41e-06,,1,5,29,2.41e-07,,
19,33000.0,2,0.7474335,,,1142.62,10,20.0,0.00109,8.33e-10,19,0.15,20915.81995,,2.14e-06,,1,5,29,2.3925927359247747e-07,,
19,33000.0,2,0.7474335,,,1142.62,10,25.0,0.00109,8.33e-10,19,0.15,20222.66329,,2.01e-06,,1,5,29,2.0099999999999999e-07,,
19,33000.0,2,0.7474335,,,1142.62,10,25.0,0.00109,8.33e-10,19,0.15,15210.78663,,1.95e-06,,1,5,29,1.95e-07,,
19,33000.0,2,0.7474335,,,1142.62,10,20.0,0.00109,8.33e-10,19,0.15,23812.25385,,1.95e-06,,1,5,29,2.1801662780622947e-07,,
19,33000.0,2,0.7474335,,,1142.62,10,20.0,0.00109,8.33e-10,19,0.2,15769.23769,,1.81e-06,,1,5,29,2.0236415196373097e-07,,
19,33000.0,2,0.7474335,,,1142.62,10,20.0,0.00109,8.33e-10,19,0.2,15000.0,,1.77e-06,,1,5,29,1.978920160087314e-07,,
19,33000.0,2,0.7474335,,,1142.62,10,20.0,0.00109,8.33e-10,19,0.2,20741.56131,,1.71e-06,,1,5,29,1.9118381207623202e-07,,
19,33000.0,2,0.7474335,,,1142.62,10,20.0,0.00109,8.33e-10,19,0.2,23700.36147,,1.67e-06,,1,5,29,1.8671167612123244e-07,,
5,30000.0,13,1.048316,0.0005242999999999999,11906.09623,894.313,10,8.0,0.00021,8.33e-12,12,0.002,2000.0,0.001,9.77e-06,,2,0,30,1.7271083130481423e-06,2.8499974081207143e-07,0.24445727196295164
5,30000.0,13,1.048316,0.0005242999999999999,11914.36315,894.313,10,8.0,0.00021,8.33e-12,12,0.002,2000.0,0.005,7.35e-06,,2,0,30,1.2993087104302811e-06,2.8499974081207143e-07,0.28174476205842386
5,30000.0,13,1.048316,0.0005242999999999999,11900.82276,894.313,10,8.0,0.00021,8.33e-12,12,0.002,2000.0,0.001,5.48e-06,,2,0,30,9.687362902255702e-07,2.8499974081207143e-07,0.32647968601539523
5,30000.0,13,1.048316,0.0005242999999999999,11896.26507,894.313,10,8.0,0.00021,8.33e-12,12,0.002,2000.0,0.01,4.85e-06,,2,0,30,8.57366972188689e-07,2.8499974081207143e-07,0.3471033070195562
5,30000.0,13,1.048316,0.0005242999999999999,11920.61672,894.313,10,8.0,0.00021,8.33e-12,12,0.002,2000.0,0.005,3.83e-06,,2,0,30,6.770547429861192e-07,2.8499974081207143e-07,0.3901990320709013
5,30000.0,13,1.048316,0.0005242999999999999,11902.75738,894.313,10,8.0,0.00021,8.33e-12,12,0.002,2000.0,0.02,3.72e-06,0.169959875,2,0,30,6.576093065034892e-07,2.8499974081207143e-07,0.39622299497189173
5,30000.0,13,1.048316,0.0005242999999999999,11910.1078,894.313,10,8.0,0.00021,8.33e-12,12,0.002,2000.0,0.01,3.27e-06,,2,0,30,5.780597936200027e-07,2.8499974081207143e-07,0.42247713996230635
5,30000.0,13,1.048316,0.0005242999999999999,11920.226429999999,894.313,10,8.0,0.00021,8.33e-12,12,0.002,2000.0,0.02,2.82e-06,2.175438595,2,0,30,4.985102807365161e-07,2.8499974081207143e-07,0.45474520694090476
5,100000.0,2,0.7474335,0.000736491,4729.5365090000005,1142.62,8,10.0,,,12,0.007562961,2000.0,,2.01e-07,,4,0,31,3.1780890484692214e-08,1.9899987495528997e-08,1.8035547319432992
5,100000.0,2,0.7474335,0.0007356960000000001,4737.048895,1142.62,8,10.0,,,12,0.008546541,2000.0,,1.51e-07,,4,0,31,2.3875196334271262e-08,1.5600007738081167e-08,2.079190292079324
5,100000.0,2,0.7474335,0.00073436,4732.808831,1142.62,8,10.0,,,12,0.0085,2000.0,0.8723081770000001,1.23e-07,,4,0,31,1.9448007610035533e-08,1.580000064732034e-08,2.304754168100521
5,100000.0,2,0.7474335,0.00073436,4749.036848,1142.62,8,10.0,,,12,0.0085,2000.0,1.7096024109999999,1.1699999999999999e-07,,4,0,31,1.8499324311985018e-08,1.580000064732034e-08,2.359070639993801
5,100000.0,2,0.7474335,0.00073436,4736.089411,1142.62,8,10.0,,,12,0.0085,2000.0,0.44706305700000004,1.12e-07,,4,0,31,1.7708754896942925e-08,1.580000064732034e-08,2.4144470660497825
5,100000.0,2,0.7474335,0.000734799,4750.660268,1142.62,8,10.0,,,12,0.011028498999999999,2000.0,,1.1e-07,,4,0,31,1.7392527130926088e-08,9.379994774879839e-09,2.4325586300991295
5,100000.0,2,0.7474335,0.000736885,4737.605075,1142.62,8,10.0,,,12,0.010033744,2000.0,,1.06e-07,,4,0,31,1.676007159889241e-08,1.1299994201781772e-08,2.481442898103483
5,100000.0,2,0.7474335,0.00073436,4745.574652,1142.62,8,10.0,,,12,0.0085,2000.0,0.11058738900000001,1.04e-07,,4,0,31,1.6443843832875574e-08,1.580000064732034e-08,2.503084850079179
5,100000.0,2,0.7474335,0.00073436,4756.830843,1142.62,8,10.0,,,12,0.0085,2000.0,1.288072322,1.0099999999999999e-07,,4,0,31,1.5969502183850315e-08,1.580000064732034e-08,2.536980361003897
5,100000.0,2,0.7474335,0.0007346360000000001,4737.045575,1142.62,8,10.0,,,12,0.012519879,2000.0,,8.880000000000001e-08,,4,0,31,1.4040512811147607e-08,7.280002014775111e-09,2.7112925559719487
5,900000.0,2,0.7474335,,,1142.62,10,30.0,,,19,,4500.0,,1.15e-06,,0,5,32,1.0498015685515683e-07,,
5,900000.0,2,0.7474335,,,1142.62,10,20.0,,,19,,4500.0,,4e-07,,0,5,32,4.472135954999579e-08,,
5,900000.0,2,0.7474335,,,1142.62,10,10.0,,,19,,4500.0,,2.5e-07,,0,5,32,3.952847075210474e-08,,
5,900000.0,2,0.7474335,,,1142.62,10,5.0,,,19,,4500.0,,1.5e-07,,0,5,32,3.3541019662496846e-08,,
25,534000.0,0,0.162270122,,,943.42,2,17.0,0.0001,3.8900000000000006e-12,10,0.00075,1900.0,0.01,,,2,6,33,,,
3,50000.0,1,0.550367,,,1483.24,10,18.34997064,0.00025,,19,,6000.0,0.0075,0.000103,,0,6,34,1.2022354844221245e-05,,
3,50000.0,1,0.550367,,,1483.24,10,18.34997064,0.00025,,19,,10000.0,0.0025,9.98e-05,,0,6,34,1.1648844790808545e-05,,
3,50000.0,1,0.550367,,,1483.24,10,18.34997064,0.00025,,19,,8000.0,0.0075,8.72e-05,,0,6,34,1.0178148955496044e-05,,
3,50000.0,1,0.550367,,,1483.24,10,18.34997064,0.00025,,19,,12000.0,0.0075,8.02e-05,,0,6,34,9.361095713655765e-06,,
3,50000.0,1,0.550367,,,1483.24,10,18.34997064,0.00025,,19,,10000.0,0.005,4.8e-05,,0,6,34,5.602650801190483e-06,,
3,50000.0,1,0.550367,,,1483.24,10,18.34997064,0.00025,,19,,10000.0,0.005,4.7799999999999996e-05,,0,6,34,5.579306422852189e-06,,
3,50000.0,1,0.550367,,,1483.24,10,18.34997064,0.00025,,19,,10000.0,0.0075,4.68e-05,,0,6,34,5.46258453116072e-06,,
3,50000.0,1,0.550367,,,1483.24,10,18.34997064,0.00025,,19,,10000.0,0.005,4.22e-05,,0,6,34,4.925663829379966e-06,,
3,50000.0,1,0.550367,,,1483.24,10,18.34997064,0.00025,,19,,10000.0,0.005,3.34e-05,,0,6,34,3.898511182495044e-06,,
3,80000.0,1,0.550367,,,1483.24,10,8.8,0.0002,2.78e-11,12,0.07,25000.0,0.002,,,0,6,35,,,
3,80000.0,1,0.550367,,,1483.24,10,8.8,0.0002,2.78e-11,12,0.07,25000.0,0.01,,,3,6,35,,,
3,80000.0,1,0.550367,,,1483.24,10,8.8,0.0002,2.78e-11,12,0.07,25000.0,0.025,,,0,6,35,,,
3,80000.0,1,0.550367,,,1483.24,10,8.8,0.0002,2.78e-11,12,0.07,25000.0,0.05,,,3,6,35,,,
3,80000.0,1,0.550367,,,1483.24,10,8.8,0.0002,2.78e-11,12,0.07,25000.0,0.1,,,0,6,35,,,
3,80000.0,1,0.550367,,,1483.24,10,8.8,0.0002,2.78e-11,12,0.07,25000.0,0.2,,,0,6,35,,,
3,80000.0,1,0.550367,0.0009973480000000001,1978.8878960000002,1483.24,10,8.8,0.0002,2.78e-11,12,0.07,25000.0,0.5,6.41e-07,,2,6,35,1.0804052795973453e-07,3.639999865072754e-08,0.9773333671161124
25,534000.0,2,0.7474335,1.47e-05,4734.90995,1142.62,10,12.0,,2.2199999999999998e-11,12,0.005,1200.0,0.03,6.330000000000001e-05,,1,3,36,9.136568009925828e-06,8.212003516850991e-07,0.1063100299952087
25,534000.0,2,0.7474335,1.47e-05,4733.124612,1142.62,10,12.0,,2.2199999999999998e-11,12,0.005,1200.0,0.03,4.23e-05,0.00026314,1,3,36,6.105479096680292e-06,8.212003516850991e-07,0.13007319400170558
29,1300000.0,2,0.7474335,2.94e-05,4737.739163,1142.62,10,17.4,0.0005099999999999999,8.329999999999999e-11,14,0.001,50.0,0.8,1.7600000000000001e-07,,4,3,37,2.1096385265356906e-08,1.782118818761066e-08,2.211729704961928
29,1300000.0,2,0.7474335,4.4e-05,4737.739162,1142.62,10,17.4,0.0005099999999999999,8.329999999999999e-11,14,0.001,50.0,0.8,1.56e-07,,4,3,37,1.8699068757929984e-08,1.1907793925358031e-08,2.3492329610666287
29,1300000.0,2,0.7474335,2.2e-05,4737.7391609999995,1142.62,10,17.4,0.0005099999999999999,8.329999999999999e-11,14,0.001,50.0,0.8,1.48e-07,,4,3,37,1.7740142154959216e-08,2.3815587850716062e-08,2.4118901680124725
25,534000.0,0,0.162270122,,,943.42,10,18.0,0.0003,,19,,900.0,0.06,8.96e-05,,4,0,38,1.0559461265719109e-05,,
25,534000.0,0,0.162270122,,,943.42,10,18.0,0.0003,,19,,900.0,0.06,7.950000000000001e-05,,4,0,38,9.369164850721755e-06,,
25,534000.0,0,0.162270122,,,943.42,10,18.0,0.0003,,19,,900.0,0.06,7.6e-05,,4,0,38,8.956685895029602e-06,,
25,534000.0,0,0.162270122,,,943.42,10,18.0,0.00028,,19,,900.0,0.06,6.7e-05,,4,0,38,7.89602572324978e-06,,
25,534000.0,0,0.162270122,,,943.42,10,18.0,0.00028,,19,,900.0,0.06,6.29e-05,,4,0,38,7.412836089438973e-06,,
25,534000.0,0,0.162270122,,,943.42,10,18.0,0.00028,,19,,900.0,0.06,5.07e-05,,4,0,38,5.975052301026326e-06,,
25,534000.0,0,0.162270122,,,943.42,10,18.0,0.00022999999999999998,,19,,1200.0,0.03,3.47e-05,,4,0,38,4.0894342178622e-06,,
25,534000.0,0,0.162270122,,,943.42,10,18.0,0.00022999999999999998,,19,,900.0,0.06,3.3e-05,,4,0,38,3.889087296526012e-06,,
25,534000.0,0,0.162270122,,,943.42,10,18.0,0.00022999999999999998,,19,,1200.0,0.03,2.9199999999999998e-05,,4,0,38,3.4412530017745312e-06,,
25,534000.0,0,0.162270122,,,943.42,10,18.0,0.00022999999999999998,,19,,1200.0,0.03,2.61e-05,,4,0,38,3.0759144981614817e-06,,
25,534000.0,0,0.162270122,,,943.42,10,18.0,0.00022999999999999998,,19,,1200.0,0.05,2.51e-05,,4,0,38,2.958063367963724e-06,,
25,534000.0,0,0.162270122,,,943.42,10,18.0,0.00022999999999999998,,19,,1500.0,0.08,2.34e-05,,4,0,38,2.7577164466275354e-06,,
25,534000.0,0,0.162270122,,,943.42,10,18.0,0.00022999999999999998,,19,,1200.0,0.05,2.3100000000000002e-05,,4,0,38,2.7223611075682084e-06,,
25,534000.0,0,0.162270122,,,943.42,10,18.0,0.00022999999999999998,,19,,1200.0,0.05,2.1600000000000003e-05,,4,0,38,2.5455844122715715e-06,,
25,534000.0,0,0.162270122,,,943.42,10,18.0,0.00022999999999999998,,19,,900.0,0.06,2.14e-05,,4,0,38,2.5220141862320194e-06,,
25,534000.0,0,0.162270122,,,943.42,10,18.0,0.00022999999999999998,,19,,1200.0,0.07,1.8100000000000003e-05,,4,0,38,2.1331054565794187e-06,,
25,534000.0,0,0.162270122,,,943.42,10,18.0,0.00022999999999999998,,19,,1200.0,0.07,1.6899999999999997e-05,,4,0,38,1.9916841003421084e-06,,
25,534000.0,0,0.162270122,,,943.42,10,18.0,0.00022999999999999998,,19,,1500.0,0.08,1.57e-05,,4,0,38,1.8502627441047992e-06,,
25,534000.0,0,0.162270122,,,943.42,10,18.0,0.00022999999999999998,,19,,1200.0,0.08,1.4599999999999999e-05,,4,0,38,1.7206265008872656e-06,,
25,534000.0,0,0.162270122,,,943.42,10,18.0,0.00022999999999999998,,19,,1200.0,0.07,1.4300000000000002e-05,,4,0,38,1.6852711618279386e-06,,
25,534000.0,0,0.162270122,,,943.42,10,16.0,0.00022999999999999998,,19,,900.0,0.08,1.42e-05,,4,0,38,1.775e-06,,
25,534000.0,0,0.162270122,,,943.42,10,18.0,0.00022999999999999998,,19,,1500.0,0.08,1.3300000000000001e-05,,4,0,38,1.5674200316301806e-06,,
25,534000.0,0,0.162270122,,,943.42,10,18.0,0.00022999999999999998,,19,,1200.0,0.08,1.3000000000000001e-05,,4,0,38,1.5320646925708531e-06,,
25,534000.0,0,0.162270122,,,943.42,10,18.0,0.00022999999999999998,,19,,1200.0,0.08,1.24e-05,,4,0,38,1.4613540144521982e-06,,
25,534000.0,0,0.162270122,,,943.42,10,16.0,0.00022999999999999998,,19,,900.0,0.08,1.1900000000000001e-05,,4,0,38,1.4875000000000002e-06,,
25,534000.0,0,0.162270122,,,943.42,10,18.0,0.00022999999999999998,,19,,900.0,0.06,1.17e-05,,4,0,38,1.3788582233137677e-06,,
25,534000.0,0,0.162270122,,,943.42,10,16.0,0.00022999999999999998,,19,,900.0,0.08,1.13e-05,,4,0,38,1.4125e-06,,
25,534000.0,0,0.162270122,,,943.42,10,18.0,0.00022999999999999998,,19,,900.0,0.08,1.0800000000000002e-05,,4,0,38,1.2727922061357857e-06,,
25,534000.0,0,0.162270122,,,943.42,10,18.0,0.00022999999999999998,,19,,1200.0,0.09,1.07e-05,,4,0,38,1.2610070931160097e-06,,
25,534000.0,0,0.162270122,,,943.42,10,18.0,0.00015,,19,,900.0,0.06,1.05e-05,,4,0,38,1.237436867076458e-06,,
25,534000.0,0,0.162270122,,,943.42,10,18.0,0.00022999999999999998,,19,,1000.0,0.08,1.0300000000000001e-05,,4,0,38,1.2138666410369066e-06,,
25,534000.0,0,0.162270122,,,943.42,10,18.0,0.00022999999999999998,,19,,900.0,0.08,1.01e-05,,4,0,38,1.190296414997355e-06,,
25,534000.0,0,0.162270122,,,943.42,10,18.0,0.00022999999999999998,,19,,900.0,0.08,9.36e-06,,4,0,38,1.1030865786510142e-06,,
25,534000.0,0,0.162270122,,,943.42,10,18.0,0.00022999999999999998,,19,,1000.0,0.08,9.23e-06,,4,0,38,1.0877659317253056e-06,,
25,534000.0,0,0.162270122,,,943.42,10,18.0,0.00022999999999999998,,19,,800.0,0.08,9e-06,,4,0,38,1.0606601717798212e-06,,
25,534000.0,0,0.162270122,,,943.42,10,18.0,0.00022999999999999998,,19,,1200.0,0.09,8.78e-06,,4,0,38,1.0347329231363146e-06,,
25,534000.0,0,0.162270122,,,943.42,10,18.0,0.00022999999999999998,,19,,1000.0,0.08,8.68e-06,,4,0,38,1.0229478101165388e-06,,
25,534000.0,0,0.162270122,,,943.42,10,18.0,0.00022999999999999998,,19,,800.0,0.08,8.05e-06,,4,0,38,9.487015980919511e-07,,
25,534000.0,0,0.162270122,,,943.42,10,18.0,0.00022999999999999998,,19,,800.0,0.08,7.43e-06,,4,0,38,8.756338973693414e-07,,
25,534000.0,0,0.162270122,,,943.42,10,18.0,0.00022999999999999998,,19,,1200.0,0.09,6.68e-06,,4,0,38,7.872455497210229e-07,,
25,534000.0,0,0.162270122,,,943.42,10,20.0,0.00022999999999999998,,19,,900.0,0.08,5.82e-06,,4,0,38,6.506957814524389e-07,,
25,534000.0,0,0.162270122,,,943.42,10,20.0,0.00022999999999999998,,19,,900.0,0.08,5.21e-06,,4,0,38,5.824957081386952e-07,,
25,534000.0,0,0.162270122,,,943.42,10,18.0,0.00015,,19,,900.0,0.06,4.61e-06,,4,0,38,5.43293710211664e-07,,
25,534000.0,0,0.162270122,,,943.42,10,20.0,0.00022999999999999998,,19,,900.0,0.08,4.15e-06,,4,0,38,4.6398410533120636e-07,,
25,534000.0,0,0.162270122,,,943.42,10,18.0,0.00015,,19,,900.0,0.06,2.54e-06,,4,0,38,2.9934187070230507e-07,,
25,534000.0,0,0.162270122,,,943.42,8,18.0,0.000381,,12,0.0005,10000.0,,1.45e-06,,4,2,39,1.7088413878674898e-07,,
25,534000.0,0,0.162270122,,,943.42,8,18.0,0.000381,,12,0.0005,10000.0,,1.28e-06,,4,2,39,1.5084944665313014e-07,,
25,534000.0,0,0.162270122,,,943.42,8,18.0,0.000381,,12,0.0005,12000.0,,1.2e-06,,4,2,39,1.414213562373095e-07,,
25,534000.0,0,0.162270122,,,943.42,8,18.0,0.000381,,12,0.0005,10000.0,,1.2e-06,,4,2,39,1.414213562373095e-07,,
25,534000.0,0,0.162270122,,,943.42,8,18.0,0.000381,,12,0.0005,10000.0,,1.18e-06,,4,2,39,1.3906433363335433e-07,,
25,534000.0,0,0.162270122,,,943.42,8,18.0,0.000381,,12,0.0005,12000.0,,1.16e-06,,4,2,39,1.367073110293992e-07,,
25,534000.0,0,0.162270122,,,943.42,8,18.0,0.000381,,12,0.0005,10000.0,,1.1e-06,,4,2,39,1.2963624321753372e-07,,
25,534000.0,0,0.162270122,,,943.42,8,18.0,0.000381,,12,0.0005,10000.0,,1.01e-06,,4,2,39,1.1902964149973551e-07,,
25,534000.0,0,0.162270122,,,943.42,8,18.0,0.000381,,12,0.0005,12000.0,,1e-06,,4,2,39,1.1785113019775792e-07,,
25,534000.0,0,0.162270122,,,943.42,8,18.0,0.000381,,12,0.0005,10000.0,,8.93e-07,,4,2,39,1.0524105926659782e-07,,
25,534000.0,0,0.162270122,,,943.42,8,18.0,0.000381,,12,0.0005,12000.0,,8.67e-07,,4,2,39,1.0217692988145612e-07,,
25,534000.0,0,0.162270122,,,943.42,8,18.0,0.000381,,12,0.0005,12000.0,,7.64e-07,,4,2,39,9.003826347108705e-08,,
25,534000.0,0,0.162270122,,,943.42,8,18.0,0.000381,,12,0.0005,12000.0,,7.33e-07,,4,2,39,8.638487843495655e-08,,
25,534000.0,0,0.162270122,,,943.42,8,18.0,0.000381,,12,0.0005,12000.0,,7.05e-07,,4,2,39,8.308504678941934e-08,,
25,534000.0,0,0.162270122,,,943.42,8,18.0,0.000381,,12,0.0005,14000.0,,6.87e-07,,4,2,39,8.09637264458597e-08,,
25,534000.0,0,0.162270122,,,943.42,8,18.0,0.000381,,12,0.0005,14000.0,,6.58e-07,,4,2,39,7.754604367012471e-08,,
25,534000.0,0,0.162270122,,,943.42,8,18.0,0.000381,,12,0.0005,14000.0,,6.37e-07,,4,2,39,7.507116993597179e-08,,
25,534000.0,0,0.162270122,,,943.42,8,18.0,0.000381,,12,0.0005,14000.0,,6.04e-07,,4,2,39,7.118208263944578e-08,,
25,534000.0,0,0.162270122,,,943.42,8,18.0,0.000381,,12,0.0005,14000.0,,5.26e-07,,4,2,39,6.198969448402066e-08,,
25,534000.0,0,0.162270122,,,943.42,8,18.0,0.000381,,12,0.0005,14000.0,,4.15e-07,,4,2,39,4.890821903206954e-08,,
25,534000.0,0,0.162270122,,,943.42,8,18.0,0.000381,,12,0.0005,16000.0,,3.95e-07,,4,2,39,4.6551196428114374e-08,,
25,534000.0,0,0.162270122,,,943.42,8,18.0,0.000381,,12,0.0005,16000.0,,3.7600000000000003e-07,,4,2,39,4.431202495435698e-08,,
25,534000.0,0,0.162270122,,,943.42,8,18.0,0.000381,,12,0.0005,14000.0,,3.69e-07,,4,2,39,4.348706704297267e-08,,
25,534000.0,0,0.162270122,,,943.42,8,18.0,0.000381,,12,0.0005,16000.0,,3.5899999999999997e-07,,4,2,39,4.230855574099509e-08,,
25,534000.0,0,0.162270122,,,943.42,8,18.0,0.000381,,12,0.0005,16000.0,,3.41e-07,,4,2,39,4.018723539743545e-08,,
25,534000.0,0,0.162270122,,,943.42,8,18.0,0.000381,,12,0.0005,16000.0,,3.24e-07,,4,2,39,3.8183766184073565e-08,,
25,534000.0,0,0.162270122,,,943.42,8,18.0,0.000381,,12,0.0005,16000.0,,2.65e-07,,4,2,39,3.123054950240585e-08,,
25,534000.0,0,0.162270122,,,943.42,8,18.0,0.000381,,12,0.0005,16000.0,,2.05e-07,,4,2,39,2.4159481690540374e-08,,
25,534000.0,0,0.162270122,,,943.42,10,18.0,0.00026000000000000003,1.6699999999999998e-11,12,0.001,,0.07,2e-05,,4,2,40,2.3570226039551584e-06,,
26,534000.0,0,0.162270122,,,943.42,10,16.0,0.00026000000000000003,1.6699999999999998e-11,12,0.001,,0.07,1.4999999999999999e-05,,4,2,40,1.8749999999999998e-06,,
25,534000.0,0,0.162270122,,,943.42,10,18.0,0.00026000000000000003,1.6699999999999998e-11,12,0.001,,0.07,1e-05,,4,2,40,1.1785113019775792e-06,,
26,534000.0,0,0.162270122,,,943.42,10,16.0,0.00026000000000000003,1.6699999999999998e-11,12,0.001,,0.07,1e-05,,4,2,40,1.25e-06,,
25,534000.0,0,0.162270122,,,943.42,10,20.0,0.00026000000000000003,1.6699999999999998e-11,12,0.001,,0.07,9e-06,,4,2,40,1.0062305898749053e-06,,
25,534000.0,0,0.162270122,,,943.42,10,20.0,0.00026000000000000003,1.6699999999999998e-11,12,0.001,,0.07,5e-06,,4,2,40,5.590169943749475e-07,,
25,534000.0,0,0.162270122,,,943.42,8,16.0,0.00026000000000000003,,12,0.001,,,2.5e-06,,4,2,40,3.125e-07,,
26,534000.0,0,0.162270122,,,943.42,8,16.0,0.00026000000000000003,,12,0.001,,,2.5e-06,,4,2,40,3.125e-07,,
25,534000.0,0,0.162270122,,,943.42,8,16.0,0.00026000000000000003,,12,0.001,,,2e-06,,4,2,40,2.5e-07,,
25,534000.0,0,0.162270122,,,943.42,8,18.0,0.00026000000000000003,,12,0.001,,,2e-06,,4,2,40,2.3570226039551583e-07,,
25,534000.0,0,0.162270122,,,943.42,10,16.0,0.00026000000000000003,1.6699999999999998e-11,12,0.001,,0.07,2e-06,,4,2,40,2.5e-07,,
25,534000.0,0,0.162270122,,,943.42,10,16.0,0.00026000000000000003,1.6699999999999998e-11,12,0.001,,0.07,1.3e-06,,4,2,40,1.625e-07,,
25,534000.0,0,0.162270122,,,943.42,8,18.0,0.00026000000000000003,,12,0.001,,,1.2e-06,,4,2,40,1.414213562373095e-07,,
25,534000.0,0,0.162270122,,,943.42,8,20.0,0.00026000000000000003,,12,0.001,,,1e-06,,4,2,40,1.1180339887498948e-07,,
25,534000.0,0,0.162270122,,,943.42,8,20.0,0.00026000000000000003,,12,0.001,,,7e-07,,4,2,40,7.826237921249263e-08,,
26,534000.0,0,0.162270122,,,943.42,8,16.0,0.00026000000000000003,,12,0.001,,,5e-07,,4,2,40,6.25e-08,,
27,534000.0,0,0.162270122,0.0033831829999999997,270.0535284,943.42,10,21.0,0.00015900000000000002,,20,0.001,1500.0,0.01,1.15e-05,0.0001,4,0,41,1.2547528688569561e-06,6.419999623715126e-07,0.28700006601628975
27,534000.0,0,0.162270122,0.0033831829999999997,271.36754460000003,943.42,10,21.0,0.00015900000000000002,,20,0.001,1500.0,0.09,1.13e-05,0.0001,4,0,41,1.2329310798333568e-06,6.419999623715126e-07,0.2888269209846695
27,534000.0,0,0.162270122,0.0033831829999999997,271.33088239999995,943.42,10,21.0,0.00015900000000000002,,20,0.001,1500.0,0.03,1.1e-05,0.0001,4,0,41,1.2001983962979579e-06,6.419999623715126e-07,0.292758752988525
27,534000.0,0,0.162270122,0.0033831829999999997,270.0029434,943.42,10,21.0,0.00015900000000000002,,20,0.001,1500.0,0.07,1.04e-05,0.0001,4,0,41,1.1347330292271602e-06,6.419999623715126e-07,0.3018248030003466
27,534000.0,0,0.162270122,0.0033831829999999997,270.3910532,943.42,10,21.0,0.00015900000000000002,,20,0.001,1500.0,0.05,9.69e-06,0.0001,4,0,41,1.057265678193383e-06,6.419999623715126e-07,0.3124624239804759
27,534000.0,0,0.162270122,0.0033831829999999997,270.4500857,943.42,10,21.0,0.00015900000000000002,,20,0.001,1500.0,0.03,9.52e-06,0.0001,4,0,41,1.0387171575233236e-06,6.419999623715126e-07,0.3152055159926244
27,534000.0,0,0.162270122,0.00338714,270.3394518,943.42,10,21.0,0.00015900000000000002,,20,0.001,1000.0,0.05,5.77e-06,0.0001,4,0,41,6.295586133308379e-07,2.849999781783702e-07,0.4049610219712839
27,534000.0,0,0.162270122,0.003385284,270.3394518,943.42,10,21.0,0.00015900000000000002,,20,0.001,1600.0,0.05,5.77e-06,0.0001,4,0,41,6.295586133308379e-07,7.299999511955088e-07,0.4049610219712839
27,534000.0,0,0.162270122,0.003384716,270.377427,943.42,10,21.0,0.00015900000000000002,,20,0.001,1400.0,0.05,5.67e-06,0.0001,4,0,41,6.186477188190384e-07,5.59000004470297e-07,0.40848780903454557
27,534000.0,0,0.162270122,0.003382195,270.41676789999997,943.42,10,21.0,0.00015900000000000002,,20,0.001,1200.0,0.05,5.57e-06,0.0001,4,0,41,6.077368243072387e-07,4.110000013498341e-07,0.4121083729834581
27,534000.0,0,0.162270122,0.00338494,270.4092206,943.42,10,21.0,0.00015900000000000002,,20,0.001,1800.0,0.05,5.54e-06,0.0001,4,0,41,6.044635559536989e-07,9.240000816918924e-07,0.4132284499904262
27,534000.0,0,0.162270122,0.0033831829999999997,270.3536534,943.42,10,21.0,0.00015900000000000002,,20,0.001,1500.0,0.05,3.99e-06,0.0001,4,0,41,4.3534469102080477e-07,6.419999623715126e-07,0.4869711980201176
5,4000000.0,12,0.958822,0.000573236,8892.441095999999,1000.62,10,2.0,0.00021,2.7800000000000003e-13,2,0.001,400.0,0.02,4.2299999999999996e-07,,4,0,42,1.495530842209548e-07,4.5600024139027553e-08,0.8311802500114303
5,4000000.0,12,0.958822,0.000573236,8890.835314,1000.62,10,2.0,0.00021,2.7800000000000003e-13,2,0.001,400.0,0.04,3.6700000000000004e-07,,4,6,42,1.297540943477315e-07,4.5600024139027553e-08,0.8924247010236168
5,4000000.0,12,0.958822,0.000573236,8910.282218,1000.62,10,2.0,0.00021,2.7800000000000003e-13,2,0.001,400.0,0.04,3.65e-07,,4,0,42,1.2904698756654493e-07,4.5600024139027553e-08,0.8938892930119778
5,4000000.0,12,0.958822,0.000573236,8889.935973,1000.62,10,2.0,0.00021,2.7800000000000003e-13,2,0.001,400.0,0.06,2.05e-07,,4,0,42,7.247844507162113e-08,4.5600024139027553e-08,1.1941246140301633
5,4000000.0,12,0.958822,0.000572121,8912.435947,1000.62,10,2.0,0.00021,2.7800000000000003e-13,2,0.001,300.0,0.04,1.8800000000000002e-07,,4,6,42,6.646803743153548e-08,2.5700002593008778e-08,1.2453710389859538
5,4000000.0,12,0.958822,0.000573236,8912.589537,1000.62,10,2.0,0.00021,2.7800000000000003e-13,2,0.001,400.0,0.08,1.85e-07,,4,0,42,6.540737725975565e-08,4.5600024139027553e-08,1.2554172169692945
5,4000000.0,12,0.958822,0.000573236,8902.964706,1000.62,10,2.0,0.00021,2.7800000000000003e-13,2,0.001,200.0,0.04,5.0700000000000004e-08,,4,6,42,1.7925156903078983e-08,1.1400006034756888e-08,2.399410703954301
28,1100000.0,9,0.000696,,,1300.0,10,3.96,0.0001,8.33e-12,14,0.0025,3500.0,0.133,,5e-05,4,0,43,,,
28,1100000.0,9,0.000696,4.738203267,0.0036087529999999997,1300.0,10,3.96,0.0001,8.33e-12,14,0.0025,3500.0,0.133,7.070000000000001e-07,,4,0,43,1.7764043384706575e-07,9.309999999582775e-08,0.7624091010109086
28,1100000.0,9,0.000696,6.31082581,0.003612077,1300.0,10,3.96,0.0001,8.33e-12,14,0.0025,3500.0,0.133,2.82e-07,,4,0,43,7.085516597577445e-08,6.990000000299978e-08,1.2066277353881771
28,1100000.0,9,0.000696,7.891354636,0.003610796,1300.0,10,3.96,0.0001,8.33e-12,14,0.0025,3500.0,0.133,6.5e-08,,4,0,43,1.6331864497962196e-08,5.589999999816649e-08,2.5137275393089187
5,200000.0,13,1.048316,0.000523721,11907.5588,894.313,10,14.0,0.00025,2.9999999999999997e-12,12,0.00525,1600.0,0.15,3e-07,0.0003,2,0,44,4.008918628686366e-08,2.6499988947717532e-08,1.6044362082514165
25,534000.0,2,0.7474335,,,1142.62,8,,,,3,,2000.0,,5.19e-05,,4,0,45,,,
25,534000.0,2,0.7474335,,,1142.62,8,,,,3,,5000.0,,4.7499999999999996e-05,,4,0,45,,,
25,534000.0,2,0.7474335,,,1142.62,8,12.0,,,3,,,,4.73e-05,,4,0,45,6.8271669331673236e-06,,
25,534000.0,2,0.7474335,,,1142.62,8,,,,3,,,0.5236,4.6899999999999995e-05,,4,0,45,,,
25,534000.0,2,0.7474335,,,1142.62,8,10.0,,,3,,,,4.59e-05,,4,0,45,7.2574272300864305e-06,,
25,534000.0,2,0.7474335,,,1142.62,8,,,,3,,6000.0,,4.44e-05,,4,0,45,,,
25,534000.0,2,0.7474335,,,1142.62,8,18.0,,,3,,,,4.41e-05,,4,0,45,5.1972348417211245e-06,,
25,534000.0,2,0.7474335,,,1142.62,8,,,,3,,,2.6181,4.34e-05,,4,0,45,,,
25,534000.0,2,0.7474335,,,1142.62,8,,,,3,,7000.0,,4.1200000000000005e-05,,4,0,45,,,
25,534000.0,2,0.7474335,,,1142.62,8,,,,3,,,1.0944,4.11e-05,,4,0,45,,,
25,534000.0,2,0.7474335,,,1142.62,8,16.0,,,3,,,,4.07e-05,,4,0,45,5.0875e-06,,
25,534000.0,2,0.7474335,,,1142.62,8,,,,3,,10000.0,,3.97e-05,,4,0,45,,,
25,534000.0,2,0.7474335,,,1142.62,8,14.0,,,3,,,,3.91e-05,,4,0,45,5.2249572793878976e-06,,
25,534000.0,2,0.7474335,,,1142.62,8,,,,3,,,1.0472,3.6099999999999997e-05,,4,0,45,,,
25,534000.0,2,0.7474335,,,1142.62,8,,,,3,,,1.5708,3.53e-05,,4,0,45,,,
25,534000.0,2,0.7474335,,,1142.62,3,,0.00063,,3,,,0.5305701999999999,4.59e-05,,4,0,46,,,
25,534000.0,2,0.7474335,,,1142.62,3,,0.00063,,3,,8000.0,,2.6000000000000002e-05,,4,0,46,,,
25,534000.0,2,0.7474335,,,1142.62,3,,0.00063,,3,,,1.052856708,2.58e-05,,4,0,46,,,
25,534000.0,2,0.7474335,,,1142.62,3,15.0,0.00063,,3,,,,2.5300000000000002e-05,,4,0,46,3.266215955301588e-06,,
25,534000.0,2,0.7474335,,,1142.62,3,16.0,0.00063,,3,,,,2.27e-05,,4,0,46,2.8375e-06,,
25,534000.0,2,0.7474335,,,1142.62,3,,0.00063,,3,,10000.0,,2.13e-05,,4,0,46,,,
25,534000.0,2,0.7474335,,,1142.62,3,17.0,0.00063,,3,,,,1.87e-05,,4,0,46,2.2677080940897133e-06,,
25,534000.0,2,0.7474335,,,1142.62,3,18.0,0.00063,,3,,,,1.31e-05,,4,0,46,1.5438498055906287e-06,,
25,534000.0,2,0.7474335,,,1142.62,3,,0.00063,,3,,12000.0,,1.31e-05,,4,0,46,,,
25,534000.0,2,0.7474335,,,1142.62,3,,0.00063,,3,,,1.5724311519999998,1.26e-05,,4,0,46,,,
25,534000.0,2,0.7474335,,,1142.62,3,,0.00063,,3,,14000.0,,1.21e-05,,4,0,46,,,
25,534000.0,2,0.7474335,,,1142.62,3,,0.00063,,3,,16000.0,,1.0800000000000002e-05,,4,0,46,,,
25,534000.0,2,0.7474335,,,1142.62,3,19.0,0.00063,,3,,,,1.04e-05,,4,0,46,1.1929618161269214e-06,,
25,534000.0,2,0.7474335,,,1142.62,3,,0.00063,,3,,,2.0968111830000002,1.0300000000000001e-05,,4,0,46,,,
25,534000.0,2,0.7474335,,,1142.62,3,,0.00063,,3,,,2.621381535,9.64e-06,,4,0,46,,,
3,45028.0,2,0.7474335,,,1142.62,10,25.0,,,19,,,0.2,0.00019068900000000002,,4,6,47,1.9068900000000003e-05,,
3,45028.0,2,0.7474335,,,1142.62,10,,,,19,,3500.0,0.2,0.00016842099999999998,,4,6,47,,,
3,45028.0,2,0.7474335,,,1142.62,10,,,,19,,3200.0,0.2,0.000162807,,4,6,47,,,
3,45028.0,2,0.7474335,,,1142.62,10,,,,19,,3800.0,0.2,0.000162807,,4,6,47,,,
3,45028.0,2,0.7474335,,,1142.62,10,,,,19,0.005,,0.2,0.000162323,,4,6,47,,,
3,45028.0,2,0.7474335,,,1142.62,10,,,,19,,3700.0,0.2,0.000159649,,4,6,47,,,
3,45028.0,2,0.7474335,,,1142.62,10,,,,19,0.008,,0.2,0.000156666,,4,6,47,,,
3,45028.0,2,0.7474335,,,1142.62,10,,,,19,0.01,,0.2,0.000148181,,4,6,47,,,
3,45028.0,2,0.7474335,,,1142.62,10,45.0,,,19,,,0.2,0.000135862,,4,6,47,1.0126555585302547e-05,,
3,45028.0,2,0.7474335,,,1142.62,10,25.0,,,19,,,0.2,0.000132309,,4,6,47,1.32309e-05,,
3,45028.0,2,0.7474335,,,1142.62,10,50.0,,,19,,,0.2,0.000132068,,4,6,47,9.338617837774495e-06,,
3,45028.0,2,0.7474335,,,1142.62,10,25.0,0.0006,0.0,19,,3350.0,0.2,0.000131445,,4,6,47,1.3144500000000001e-05,,
3,45028.0,2,0.7474335,,,1142.62,10,60.0,,,19,,,0.2,0.000131034,,4,6,47,8.458208329782378e-06,,
3,45028.0,2,0.7474335,,,1142.62,10,,,,19,0.012,,0.2,0.000130858,,4,6,47,,,
3,45028.0,2,0.7474335,,,1142.62,10,,,,19,0.013999999999999999,,0.2,0.00012979700000000002,,4,6,47,,,
3,45028.0,5,0.9445,,,802.0,10,25.0,0.00041,0.0,19,,3350.0,0.2,0.00012473899999999999,,4,6,47,1.24739e-05,,
3,45028.0,2,0.7474335,,,1142.62,10,70.0,,,19,,,0.2,0.000124482,,4,6,47,7.4392223873582e-06,,
3,45028.0,2,0.7474335,,,1142.62,10,50.0,,,19,,,0.2,0.000123448,,4,6,47,8.729091792391692e-06,,
3,45028.0,5,0.9445,,,802.0,10,25.0,0.00031,0.0,19,,3350.0,0.2,0.000110404,,4,6,47,1.10404e-05,,
3,45028.0,2,0.7474335,,,1142.62,10,60.0,,,19,,,0.2,0.000109655,,4,6,47,7.078199813806238e-06,,
3,45028.0,2,0.7474335,,,1142.62,10,45.0,,,19,,,0.2,0.00010551700000000001,,4,6,47,7.864772826061512e-06,,
3,45028.0,2,0.7474335,,,1142.62,10,45.0,,,19,,,0.2,9.290000000000001e-05,,4,6,47,6.92435717032435e-06,,
3,45028.0,2,0.7474335,,,1142.62,10,45.0,0.0006,0.0,19,,3350.0,0.2,9.22e-05,,4,6,47,6.8721822508493545e-06,,
3,45028.0,2,0.7474335,,,1142.62,10,70.0,,,19,,,0.2,9.03e-05,,4,6,47,5.396457171144787e-06,,
3,45028.0,2,0.7474335,,,1142.62,10,50.0,,,19,,,0.2,8.65e-05,,4,6,47,6.116473657263636e-06,,
3,45028.0,2,0.7474335,,,1142.62,10,50.0,0.0006,1.21e-09,19,,3350.0,0.2,8.590000000000001e-05,,4,6,47,6.074047250392444e-06,,
3,45028.0,5,0.9445,,,802.0,10,45.0,0.00041,0.0,19,,3350.0,0.2,8.070000000000001e-05,,4,6,47,6.015022859474435e-06,,
3,45028.0,2,0.7474335,,,1142.62,10,60.0,,,19,,,0.2,7.87e-05,,4,6,47,5.0800631557753944e-06,,
3,45028.0,2,0.7474335,,,1142.62,10,60.0,0.0006,1.21e-09,19,,3900.0,0.2,7.829999999999999e-05,,4,6,47,5.054243266800678e-06,,
3,45028.0,5,0.9445,,,802.0,10,50.0,0.00041,1.21e-09,19,,3350.0,0.2,7.43e-05,,4,6,47,5.2538033842160484e-06,,
3,45028.0,5,0.9445,,,802.0,10,60.0,0.00041,1.21e-09,19,,3900.0,0.2,7.159999999999999e-05,,4,6,47,4.621760126474183e-06,,
3,45028.0,2,0.7474335,,,1142.62,10,70.0,,,19,,,0.2,7.08e-05,,4,6,47,4.231109277043753e-06,,
3,45028.0,5,0.9445,,,802.0,10,45.0,0.00031,0.0,19,,3350.0,0.2,7.049999999999999e-05,,4,6,47,5.254759747124505e-06,,
3,45028.0,2,0.7474335,,,1142.62,10,70.0,0.0006,1.21e-09,19,,3900.0,0.2,7.049999999999999e-05,,4,6,47,4.213180847903737e-06,,
3,45028.0,5,0.9445,,,802.0,10,50.0,0.00031,1.21e-09,19,,3350.0,0.2,6.86e-05,,4,6,47,4.850752518939716e-06,,
3,45028.0,5,0.9445,,,802.0,10,60.0,0.00031,1.21e-09,19,,3900.0,0.2,6.49e-05,,4,6,47,4.1892769861476895e-06,,
3,45028.0,5,0.9445,,,802.0,10,70.0,0.00041,1.21e-09,19,,3900.0,0.2,6.36e-05,,4,6,47,3.800826977683372e-06,,
3,45028.0,5,0.9445,,,802.0,10,70.0,0.00031,1.21e-09,19,,3900.0,0.2,5.870000000000001e-05,,4,6,47,3.507995968396446e-06,,
10,,2,0.7474335,,,1142.62,10,1.0,,,19,,,,2.39e-07,,4,0,48,1.195e-07,,
10,,2,0.7474335,,,1142.62,10,0.5,,,19,,,,1.6100000000000003e-07,,4,0,48,1.1384419177103417e-07,,
10,,2,0.7474335,,,1142.62,10,0.25,,,19,,,,1.1699999999999999e-07,,4,0,48,1.1699999999999999e-07,,
10,,2,0.7474335,,,1142.62,10,0.1,,,19,,,,9.199999999999999e-08,,4,0,48,1.4546477236774545e-07,,
5,1000000.0,13,1.048316,0.000339603,11923.759559999999,894.313,10,4.0,0.00016,2.5e-10,19,0.003,1500.0,,1.47e-05,,4,3,49,3.675e-06,1.1000003247009672e-07,0.1674604159768614
5,1000000.0,13,1.048316,0.000419263,11907.55882,894.313,10,4.0,0.00016,1.67e-10,19,0.003,1500.0,,1e-05,,4,3,49,2.5e-06,8.910001842982152e-08,0.20317303601291245
5,1000000.0,13,1.048316,0.000523932,11907.55883,894.313,10,4.0,0.00016,8.329999999999999e-11,19,0.003,1500.0,,5.74e-06,,4,3,49,1.435e-06,7.129997981979009e-08,0.26816995796596327
14,300000.0,2,0.7474335,0.000618508,363503.0357,1142.62,10,5.44,,5.56e-12,15,0.0005,1100.0,,5e-07,4e-05,4,0,50,1.0718661571406802e-07,1.6400006430599097e-06,0.11202045899420536
17,,14,,,,,8,15.0,0.00036,2.0000000000000002e-11,19,,12000.0,,4.2e-07,,4,2,51,5.422176684690383e-08,,
23,,14,,,,,8,20.0,0.00036,1.0000000000000001e-11,19,,11000.0,,4.1e-07,,4,2,51,4.5839393538745685e-08,,
8,,14,,,,,8,6.0,0.00036,1.17e-11,19,,9500.0,,4e-07,,4,2,51,8.16496580927726e-08,,
6,,14,,,,,8,10.0,0.00036,1.6699999999999998e-11,19,,9300.0,,3.9e-07,,4,2,51,6.16644143732834e-08,,
13,,14,,,,,8,8.0,0.00036,1.33e-11,19,,9300.0,,3.8e-07,,4,2,51,6.717514421272203e-08,,
5,,14,,,,,8,8.0,0.00036,1.33e-11,19,,9500.0,,3.7e-07,,4,2,51,6.540737725975565e-08,,
11,5000000.0,6,0.63343,,,948.8,10,8.0,2.5e-05,,19,,1000.0,,7e-07,0.000265,4,0,52,1.237436867076458e-07,,
11,5000000.0,6,0.63343,,,948.8,10,8.0,2.5e-05,,19,,1000.0,,4e-07,0.000265,4,0,52,7.071067811865476e-08,,
5,400000.0,12,0.958822,0.000286996,35611.8588,1000.62,10,10.0,0.00010800000000000001,,19,0.00075,500.0,0.015,2.2e-07,,4,6,53,3.4785054261852176e-08,2.529998040754691e-07,0.8612113340563627
5,400000.0,12,0.958822,0.005723995,8902.964703,1000.62,10,10.0,0.00010800000000000001,,19,0.00075,900.0,0.015,1.5e-07,,0,6,53,2.3717082451262844e-08,4.109999728096135e-08,2.0859574400553673
5,400000.0,12,0.958822,0.011477053999999999,2225.741176,1000.62,10,10.0,0.00010800000000000001,,19,0.00075,700.0,0.015,1.3e-07,,2,6,53,2.0554804791094466e-08,1.2399999709861862e-08,4.481355448058923
5,4000000.0,12,0.958822,,,1000.62,10,1.5,0.00010800000000000001,,19,,650.0,0.0008,9.33e-07,,2,6,54,3.808956550027842e-07,,
5,4000000.0,12,0.958822,,,1000.62,10,1.5,0.00010800000000000001,,19,,650.0,0.0008,8.15e-07,,2,6,54,3.327223567280484e-07,,
5,4000000.0,12,0.958822,,,1000.62,10,1.5,0.00010800000000000001,,19,,650.0,0.0005,6.73e-07,,0,6,54,2.747510994821798e-07,,
5,4000000.0,12,0.958822,,,1000.62,10,1.5,0.00010800000000000001,,19,,650.0,0.0005,5.839999999999999e-07,,0,6,54,2.38417001630896e-07,,
5,4000000.0,12,0.958822,,,1000.62,10,1.5,0.00010800000000000001,,19,,650.0,0.0002,5e-07,,0,6,54,2.041241452319315e-07,,
5,4000000.0,12,0.958822,,,1000.62,10,1.5,0.00010800000000000001,,19,,650.0,0.0002,4.3600000000000004e-07,,0,6,54,1.7799625464224428e-07,,
5,40000000.0,12,0.958822,,,1000.62,10,1.5,0.00011,,19,0.0008,,,9.74e-08,,2,6,54,3.9763383491180254e-08,,
5,40000000.0,12,0.958822,,,1000.62,10,1.5,0.00011,,19,0.00085,,,9.7e-08,,2,6,54,3.960008417499471e-08,,
5,40000000.0,12,0.958822,,,1000.62,10,1.5,0.00011,,19,0.001,,,9.630000000000001e-08,,2,6,54,3.9314310371670014e-08,,
5,40000000.0,12,0.958822,,,1000.62,10,1.5,0.00011,,19,0.0011,,,9.5e-08,,2,6,54,3.878358759406699e-08,,
5,40000000.0,12,0.958822,,,1000.62,10,1.5,0.00011,,19,0.0012,,,9.400000000000001e-08,,2,6,54,3.837533930360313e-08,,
23,,10,0.0020566,,,1449.86,10,5.0,2e-06,,12,2e-05,400.0,0.002,1.67e-07,,4,6,55,3.734233522424649e-08,,
23,,10,0.0020566,,,1449.86,10,,2e-06,,12,4e-05,500.0,0.002,1.6399999999999999e-07,,4,6,55,,,
23,,10,0.0020566,,,1449.86,10,5.0,2e-06,,12,2.9999999999999997e-05,475.0,0.002,1.3900000000000001e-07,,4,6,55,3.1081344887247077e-08,,
23,,10,0.0020566,,,1449.86,10,5.0,2e-06,,12,2e-05,425.0,0.002,1.1800000000000001e-07,,4,6,55,2.638560213449752e-08,,
23,,10,0.0020566,,,1449.86,10,4.0,2e-06,,12,2.9999999999999997e-05,475.0,0.002,1.13e-07,,4,6,55,2.825e-08,,
23,,10,0.0020566,,,1449.86,10,,2e-06,,12,2.9999999999999997e-05,500.0,0.002,1.12e-07,,4,6,55,,,
23,,10,0.0020566,,,1449.86,10,5.0,2e-06,,12,2e-05,450.0,0.002,1e-07,,4,6,55,2.2360679774997895e-08,,
23,,10,0.0020566,,,1449.86,10,3.0,2e-06,,12,2.9999999999999997e-05,475.0,0.002,7.93e-08,,4,6,55,2.289193817336866e-08,,
23,,10,0.0020566,,,1449.86,10,2.0,2e-06,,12,2.9999999999999997e-05,475.0,0.002,6.99e-08,,4,6,55,2.4713382002469836e-08,,
23,,10,0.0020566,,,1449.86,10,5.0,2e-06,,12,2e-05,475.0,0.002,6.81e-08,,4,6,55,1.5227622926773566e-08,,
23,,10,0.0020566,,,1449.86,10,1.0,2e-06,,12,2.9999999999999997e-05,475.0,0.002,6.17e-08,,4,6,55,3.085e-08,,
23,,10,0.0020566,,,1449.86,10,5.0,2e-06,,12,2e-05,500.0,0.002,5.7300000000000004e-08,,4,6,55,1.2812669511073795e-08,,
23,,10,0.0020566,,,1449.86,10,,2e-06,,12,2e-05,500.0,0.002,5.7300000000000004e-08,,4,6,55,,,
3,80000.0,2,0.7474335,0.000735875,4729.908189,1142.62,1,10.0,0.000337,1.3899999999999999e-10,12,0.06,15000.0,,1.2099999999999998e-07,,4,5,56,1.9131779844018692e-08,1.7799997714141445e-08,2.32443606704667
15,,2,0.7474335,,,1142.62,9,5.0,,8.329999999999999e-11,19,,,,3.2799999999999997e-07,,4,2,57,7.334302966199309e-08,,
3,,2,0.7474335,,,1142.62,9,8.0,,8.329999999999999e-11,19,,,,3.2600000000000003e-07,,4,2,57,5.7629202666703634e-08,,
9,,2,0.7474335,,,1142.62,9,0.5,,8.329999999999999e-11,19,,,,3.2e-07,,4,2,57,2.2627416997969523e-07,,
5,,2,0.7474335,,,1142.62,9,0.5,,8.329999999999999e-11,19,,,,2.98e-07,,4,2,57,2.1071782079359118e-07,,
5,300000.0,2,0.7474335,,,1142.62,10,3.0,,,12,0.0005,598.0,0.2,,2.5e-05,2,6,58,,,
5,300000.0,2,0.7474335,,,1142.62,10,3.0,,,12,0.001,699.0,0.2,,2.5e-05,2,6,58,,,
5,300000.0,2,0.7474335,,,1142.62,10,3.0,,,12,0.002,902.0,0.2,,2.5e-05,2,6,58,,,
5,300000.0,2,0.7474335,,,1142.62,10,3.0,,,12,0.003,1204.0,0.2,,2.5e-05,2,6,58,,,
5,300000.0,2,0.7474335,,,1142.62,10,3.0,,,16,0.0005,608.0,0.2,,2.5e-05,2,6,58,,,
5,300000.0,2,0.7474335,,,1142.62,10,3.0,,,16,0.001,729.0,0.2,,2.5e-05,2,6,58,,,
5,300000.0,2,0.7474335,,,1142.62,10,3.0,,,16,0.002,919.0,0.2,,2.5e-05,2,6,58,,,
5,300000.0,2,0.7474335,,,1142.62,10,3.0,,,16,0.003,1255.0,0.2,,2.5e-05,2,6,58,,,
5,300000.0,2,0.7474335,,,1142.62,10,5.0,,,12,0.0005,789.0,0.2,,2.5e-05,2,6,58,,,
5,300000.0,2,0.7474335,,,1142.62,10,5.0,,,12,0.001,994.0,0.2,,2.5e-05,2,6,58,,,
5,300000.0,2,0.7474335,,,1142.62,10,5.0,,,12,0.002,1190.0,0.2,,2.5e-05,2,6,58,,,
5,300000.0,2,0.7474335,,,1142.62,10,5.0,,,12,0.003,1593.0,0.2,,2.5e-05,2,6,58,,,
5,300000.0,2,0.7474335,,,1142.62,10,5.0,,,16,0.0005,814.0,0.2,,2.5e-05,2,6,58,,,
5,300000.0,2,0.7474335,,,1142.62,10,5.0,,,16,0.001,1008.0,0.2,,2.5e-05,2,6,58,,,
5,300000.0,2,0.7474335,,,1142.62,10,5.0,,,16,0.002,1211.0,0.2,,2.5e-05,2,6,58,,,
5,300000.0,2,0.7474335,,,1142.62,10,5.0,,,16,0.003,1614.0,0.2,,2.5e-05,2,6,58,,,
5,300000.0,2,0.7474335,,,1142.62,10,3.0,,,12,0.0005,1000.0,0.2,3e-07,2.5e-05,2,6,58,8.660254037844386e-08,,
5,2000000.0,2,0.7474335,,,1142.62,6,5.0,,3.33e-11,19,,,,,0.00547,4,0,59,,,
5,2000000.0,2,0.7474335,,,1142.62,6,5.0,,,19,0.002,,,,0.004113,4,0,59,,,
5,2000000.0,2,0.7474335,,,1142.62,6,5.0,,,19,0.003,,,,0.004676,4,0,59,,,
5,2000000.0,2,0.7474335,,,1142.62,6,5.0,,,19,0.004,,,,0.005368,4,0,59,,,
5,2000000.0,2,0.7474335,,,1142.62,6,5.0,,,19,0.005,,,,0.0057729999999999995,4,0,59,,,
5,2000000.0,2,0.7474335,,,1142.62,6,5.0,,,19,0.006,,,,0.006659,4,0,59,,,
5,2000000.0,2,0.7474335,,,1142.62,6,5.0,,,19,0.002,,,,0.003546,4,0,59,,,
5,2000000.0,2,0.7474335,,,1142.62,6,5.0,,,19,0.003,,,,0.004052,4,0,59,,,
5,2000000.0,2,0.7474335,,,1142.62,6,5.0,,,19,0.004,,,,0.004357,4,0,59,,,
5,2000000.0,2,0.7474335,,,1142.62,6,5.0,,,19,0.005,,,,0.005113,4,0,59,,,
5,2000000.0,2,0.7474335,,,1142.62,6,5.0,,,19,0.006,,,,0.005676,4,0,59,,,
5,2000000.0,2,0.7474335,,,1142.62,6,5.0,,,19,0.002,,,,0.003023,4,0,59,,,
5,2000000.0,2,0.7474335,,,1142.62,6,5.0,,,19,0.003,,,,0.0033350000000000003,4,0,59,,,
5,2000000.0,2,0.7474335,,,1142.62,6,5.0,,,19,0.004,,,,0.003582,4,0,59,,,
5,2000000.0,2,0.7474335,,,1142.62,6,5.0,,,19,0.005,,,,0.004138,4,0,59,,,
5,2000000.0,2,0.7474335,,,1142.62,6,5.0,,,19,0.006,,,,0.0044210000000000005,4,0,59,,,
5,2000000.0,2,0.7474335,,,1142.62,6,5.0,,,19,,1700.0,,,0.0045509999999999995,4,0,59,,,
5,2000000.0,2,0.7474335,,,1142.62,6,5.0,,,19,,1900.0,,,0.00471,4,0,59,,,
5,2000000.0,2,0.7474335,,,1142.62,6,5.0,,,19,,2100.0,,,0.004654,4,0,59,,,
5,2000000.0,2,0.7474335,,,1142.62,6,5.0,,,19,,2300.0,,,0.004729,4,0,59,,,
5,2000000.0,2,0.7474335,,,1142.62,6,5.0,,,19,,2500.0,,,0.004799,4,0,59,,,
5,2000000.0,2,0.7474335,,,1142.62,6,5.0,,,19,,2700.0,,,0.004915,4,0,59,,,
5,2000000.0,2,0.7474335,,,1142.62,6,5.0,,,19,,1700.0,,,0.003946,4,0,59,,,
5,2000000.0,2,0.7474335,,,1142.62,6,5.0,,,19,,1900.0,,,0.004047,4,0,59,,,
5,2000000.0,2,0.7474335,,,1142.62,6,5.0,,,19,,2100.0,,,0.004070000000000001,4,0,59,,,
5,2000000.0,2,0.7474335,,,1142.62,6,5.0,,,19,,2300.0,,,0.004197,4,0,59,,,
5,2000000.0,2,0.7474335,,,1142.62,6,5.0,,,19,,2500.0,,,0.004256,4,0,59,,,
5,2000000.0,2,0.7474335,,,1142.62,6,5.0,,,19,,2700.0,,,0.004315,4,0,59,,,
5,2000000.0,2,0.7474335,,,1142.62,6,5.0,,,19,,1700.0,,,0.003314,4,0,59,,,
5,2000000.0,2,0.7474335,,,1142.62,6,5.0,,,19,,1900.0,,,0.003457,4,0,59,,,
5,2000000.0,2,0.7474335,,,1142.62,6,5.0,,,19,,2100.0,,,0.003553,4,0,59,,,
5,2000000.0,2,0.7474335,,,1142.62,6,5.0,,,19,,2300.0,,,0.0036590000000000004,4,0,59,,,
5,2000000.0,2,0.7474335,,,1142.62,6,5.0,,,19,,2500.0,,,0.0038689999999999996,4,0,59,,,
5,2000000.0,2,0.7474335,,,1142.62,6,5.0,,,19,,2700.0,,,0.0039030000000000002,4,0,59,,,
5,2000000.0,12,0.958822,,,1000.62,6,5.0,0.00018,3.33e-12,19,0.004,2300.0,0.02,,0.003034,4,0,60,,,
5,2000000.0,12,0.958822,,,1000.62,6,5.0,0.00018,3.33e-12,19,0.004,2400.0,0.02,,0.003034,4,0,60,,,
5,2000000.0,12,0.958822,,,1000.62,6,5.0,0.00018,3.33e-12,19,0.004,2500.0,0.02,,0.003078,4,0,60,,,
5,2000000.0,12,0.958822,,,1000.62,6,5.0,0.00018,3.33e-12,19,0.004,2600.0,0.02,,0.003092,4,0,60,,,
5,2000000.0,12,0.958822,,,1000.62,6,5.0,0.00018,3.33e-12,19,0.004,2700.0,0.02,,0.003087,4,0,60,,,
5,2000000.0,12,0.958822,,,1000.62,6,5.0,0.00018,3.33e-12,19,0.004,2800.0,0.02,,0.003105,4,0,60,,,
5,2000000.0,12,0.958822,,,1000.62,6,5.0,0.00018,3.33e-12,19,0.004,2300.0,0.02,,0.002798,4,0,60,,,
5,2000000.0,12,0.958822,,,1000.62,6,5.0,0.00018,3.33e-12,19,0.004,2400.0,0.02,,0.00281,4,0,60,,,
5,2000000.0,12,0.958822,,,1000.62,6,5.0,0.00018,3.33e-12,19,0.004,2500.0,0.02,,0.002836,4,0,60,,,
5,2000000.0,12,0.958822,,,1000.62,6,5.0,0.00018,3.33e-12,19,0.004,2600.0,0.02,,0.002825,4,0,60,,,
5,2000000.0,12,0.958822,,,1000.62,6,5.0,0.00018,3.33e-12,19,0.004,2700.0,0.02,,0.0028120000000000003,4,0,60,,,
5,2000000.0,12,0.958822,,,1000.62,6,5.0,0.00018,3.33e-12,19,0.004,2800.0,0.02,,0.0028190000000000003,4,0,60,,,
5,2000000.0,12,0.958822,,,1000.62,6,5.0,0.00018,3.33e-12,19,0.004,2300.0,0.02,,0.002718,4,0,60,,,
5,2000000.0,12,0.958822,,,1000.62,6,5.0,0.00018,3.33e-12,19,0.004,2400.0,0.02,,0.0027660000000000002,4,0,60,,,
5,2000000.0,12,0.958822,,,1000.62,6,5.0,0.00018,3.33e-12,19,0.004,2500.0,0.02,,0.002726,4,0,60,,,
5,2000000.0,12,0.958822,,,1000.62,6,5.0,0.00018,3.33e-12,19,0.004,2600.0,0.02,,0.002771,4,0,60,,,
5,2000000.0,12,0.958822,,,1000.62,6,5.0,0.00018,3.33e-12,19,0.004,2700.0,0.02,,0.0027530000000000002,4,0,60,,,
5,2000000.0,12,0.958822,,,1000.62,6,5.0,0.00018,3.33e-12,19,0.004,2800.0,0.02,,0.002779,4,0,60,,,
5,2000000.0,12,0.958822,,,1000.62,6,5.0,0.00018,3.33e-12,19,0.003,2500.0,0.02,,0.002475,4,0,60,,,
5,2000000.0,12,0.958822,,,1000.62,6,5.0,0.00018,3.33e-12,19,0.0032,2500.0,0.02,,0.002515,4,0,60,,,
5,2000000.0,12,0.958822,,,1000.62,6,5.0,0.00018,3.33e-12,19,0.0034,2500.0,0.02,,0.002565,4,0,60,,,
5,2000000.0,12,0.958822,,,1000.62,6,5.0,0.00018,3.33e-12,19,0.0036,2500.0,0.02,,0.002589,4,0,60,,,
5,2000000.0,12,0.958822,,,1000.62,6,5.0,0.00018,3.33e-12,19,0.0038,2500.0,0.02,,0.002648,4,0,60,,,
5,2000000.0,12,0.958822,,,1000.62,6,5.0,0.00018,3.33e-12,19,0.004,2500.0,0.02,,0.002724,4,0,60,,,
5,2000000.0,12,0.958822,,,1000.62,6,5.0,0.00018,3.33e-12,19,0.0042,2500.0,0.02,,0.0027649999999999997,4,0,60,,,
5,2000000.0,12,0.958822,,,1000.62,6,5.0,0.00018,3.33e-12,19,0.0044,2500.0,0.02,,0.0028640000000000002,4,0,60,,,
5,2000000.0,12,0.958822,,,1000.62,6,5.0,0.00018,3.33e-12,19,0.0046,2500.0,0.02,,0.002913,4,0,60,,,
5,2000000.0,12,0.958822,,,1000.62,6,5.0,0.00018,3.33e-12,19,0.0048,2500.0,0.02,,0.00298,4,0,60,,,
5,2000000.0,12,0.958822,,,1000.62,6,5.0,0.00018,3.33e-12,19,0.005,2500.0,0.02,,0.0030510000000000003,4,0,60,,,
5,2000000.0,12,0.958822,0.000574931,8906.094309999999,1000.62,6,5.0,0.00018,,11,0.004,2500.0,0.02,6.23e-06,0.02520032,4,0,61,1.3930703499823689e-06,1.1099996842249975e-07,0.2721280010036747
5,4000000.0,14,,,,,10,2.0,0.00015,,12,0.002,1250.0,,,7.4e-05,2,0,62,,,
5,4000000.0,14,,,,,10,2.0,0.00015,,12,0.002,1250.0,,,2e-05,2,0,62,,,
5,4000000.0,14,,,,,10,2.0,0.00015,,12,0.002,1250.0,,,7e-06,2,0,62,,,
5,4000000.0,14,,,,,10,2.0,0.00015,,12,0.002,1250.0,,3.43e-07,,2,0,62,1.212688129734929e-07,,
5,2000000.0,2,0.7474335,,,1142.62,10,5.0,,3.33e-12,19,0.004,2700.0,,5.08e-06,,2,0,63,1.135922532569893e-06,,
5,2000000.0,2,0.7474335,,,1142.62,10,5.0,,3.33e-12,19,0.0025,2000.0,,4.92e-06,,2,0,63,1.1001454449298966e-06,,
5,2000000.0,2,0.7474335,,,1142.62,10,5.0,,3.33e-12,19,0.003,2000.0,,4.57e-06,,2,0,63,1.0218830657174039e-06,,
5,2000000.0,2,0.7474335,,,1142.62,10,5.0,,3.33e-12,19,0.004,2500.0,,4.24e-06,,2,0,63,9.480928224599108e-07,,
5,2000000.0,2,0.7474335,,,1142.62,10,5.0,,3.33e-12,19,0.0035,2000.0,,4.21e-06,,2,0,63,9.413846185274115e-07,,
5,2000000.0,2,0.7474335,,,1142.62,10,5.0,,3.33e-12,19,0.004,2000.0,,3.7e-06,,2,0,63,8.273451516749222e-07,,
5,2000000.0,2,0.7474335,,,1142.62,10,5.0,,3.33e-12,19,0.004,2400.0,,3.65e-06,,2,0,63,8.161648117874233e-07,,
5,2000000.0,2,0.7474335,,,1142.62,10,5.0,,3.33e-12,19,0.004,2300.0,,3.19e-06,,2,0,63,7.133056848224329e-07,,
5,2000000.0,2,0.7474335,,,1142.62,10,5.0,,3.33e-12,19,0.0045,2000.0,,2.96e-06,,2,0,63,6.618761213399378e-07,,
5,2000000.0,2,0.7474335,,,1142.62,10,5.0,,3.33e-12,19,0.004,2200.0,,2.95e-06,,2,0,63,6.59640053362438e-07,,
5,2000000.0,2,0.7474335,,,1142.62,10,5.0,,3.33e-12,19,0.004,,0.05,2.81e-06,,2,0,63,6.283351016774409e-07,,
5,2000000.0,2,0.7474335,,,1142.62,10,5.0,,3.33e-12,19,0.005,2000.0,,2.75e-06,,2,0,63,6.149186938124421e-07,,
5,2000000.0,2,0.7474335,,,1142.62,10,5.0,,3.33e-12,19,0.004,,0.1,2.34e-06,,2,0,63,5.232399067349507e-07,,
5,2000000.0,2,0.7474335,,,1142.62,10,5.0,,3.33e-12,19,0.0055,2000.0,,2.24e-06,,2,0,63,5.008792269599529e-07,,
5,2000000.0,2,0.7474335,,,1142.62,10,5.0,,3.33e-12,19,0.004,2100.0,,2.13e-06,,2,0,63,4.7628247920745517e-07,,
5,2000000.0,2,0.7474335,,,1142.62,10,5.0,,3.33e-12,19,0.004,2000.0,,1.74e-06,,2,0,63,3.8907582808496343e-07,,
5,2000000.0,2,0.7474335,,,1142.62,10,5.0,,3.33e-12,19,0.004,,0.15,1.7e-06,,2,0,63,3.801315561749642e-07,,
5,2000000.0,2,0.7474335,,,1142.62,10,5.0,,3.33e-12,19,0.004,1900.0,,1.42e-06,,2,0,63,3.175216528049701e-07,,
5,2000000.0,2,0.7474335,,,1142.62,10,5.0,,3.33e-12,19,0.004,,0.2,1.35e-06,,2,0,63,3.018691769624716e-07,,
5,2000000.0,2,0.7474335,,,1142.62,10,5.0,,3.33e-12,19,0.004,,0.25,1.06e-06,,2,0,63,2.370232056149777e-07,,
5,2000000.0,2,0.7474335,,,1142.62,10,5.0,,3.33e-12,19,0.004,,0.3,8.23e-07,,2,0,63,1.840283945482327e-07,,
5,2000000.0,2,0.7474335,,,1142.62,10,5.0,,3.33e-12,19,0.004,,0.35,6.96e-07,,2,0,63,1.5563033123398537e-07,,
0,,2,0.7474335,,,1142.62,10,11.0,,,4,0.00125,1000.0,,9.02e-07,4e-05,4,0,64,1.359816164045714e-07,,
5,900000.0,12,0.958822,0.00057282,8923.275983,1000.62,10,5.0,0.00011,1.67e-12,8,0.001,1300.0,0.06667000000000001,1.99e-05,,4,0,65,4.449775275224581e-06,4.82000044616303e-07,0.15211505500160202
5,900000.0,12,0.958822,0.000572399,8903.603822,1000.62,10,5.0,0.00011,1.67e-12,8,0.001,1200.0,0.06667000000000001,9.89e-06,,4,0,65,2.211471229747292e-06,4.1100033182489203e-07,0.21601297600509028
5,900000.0,12,0.958822,0.000572987,8901.279572,1000.62,10,5.0,0.00011,1.67e-12,8,0.001,1100.0,0.06667000000000001,6.34e-06,,4,0,65,1.4176670977348667e-06,3.450000423134067e-07,0.26982988600533486
5,900000.0,12,0.958822,0.000573236,8912.255636,1000.62,10,5.0,0.00011,1.6699999999999998e-11,8,0.001,1000.0,0.06667000000000001,4.36e-06,,4,0,65,9.749256381899082e-07,2.850001508689222e-07,0.3251800080073295
5,900000.0,12,0.958822,0.002866182,8915.188369,1000.62,10,5.0,0.00011,1.67e-12,8,0.0005,1000.0,0.06667000000000001,3.11e-06,,4,0,65,6.954171410024346e-07,2.2799996159838766e-07,0.38495985600340304
5,900000.0,12,0.958822,0.000789238,8911.099058,1000.62,10,5.0,0.00011,1.67e-12,8,0.001,1000.0,0.06667000000000001,2.78e-06,,4,0,65,6.216268977449415e-07,2.0700010197620675e-07,0.4072610400006578
5,900000.0,12,0.958822,0.000859854,8903.858707,1000.62,10,5.0,0.00011,1.67e-12,8,0.001,1000.0,0.034117815,2.39e-06,,4,0,65,5.344202466224498e-07,1.9000010057928146e-07,0.4394129170081267
5,900000.0,12,0.958822,0.0009335560000000001,8896.258071,1000.62,10,5.0,0.00011,1.67e-12,8,0.001,1000.0,0.050743620999999996,2.27e-06,,4,0,65,5.075874308924522e-07,1.7500004979186838e-07,0.4510703540053546
5,900000.0,12,0.958822,0.001002284,8923.483909,1000.62,10,5.0,0.00011,1.33e-11,8,0.001,1000.0,0.06667000000000001,2.1e-06,,4,0,65,4.695742752749558e-07,1.6300005435934076e-07,0.4682567320117806
5,900000.0,12,0.958822,0.001074818,8918.481312,1000.62,10,5.0,0.00011,1.67e-12,8,0.001,1000.0,0.067353959,2.1e-06,,4,0,65,4.695742752749558e-07,1.5200000975374203e-07,0.4683880419983931
5,900000.0,12,0.958822,0.0005717319999999999,8902.204161,1000.62,10,5.0,0.00011,1.67e-12,8,0.0015,1000.0,0.06667000000000001,1.99e-06,,4,0,65,4.4497752752245816e-07,1.2699994362820926e-07,0.4815990109987035
5,900000.0,12,0.958822,0.001142464,8893.00869,1000.62,10,5.0,0.00011,1.67e-12,8,0.001,1000.0,0.06667000000000001,1.86e-06,,4,0,65,4.1590864381496086e-07,1.4299999517139927e-07,0.49840233598798106
5,900000.0,12,0.958822,0.001219197,8880.157729999999,1000.62,10,5.0,0.00011,1.67e-12,8,0.001,1000.0,0.08384718299999999,1.62e-06,,4,0,65,3.622430123549659e-07,1.3399995774554687e-07,0.5344327360127347
5,900000.0,12,0.958822,0.001286396,8918.458166,1000.62,10,5.0,0.00011,1.67e-12,8,0.001,1000.0,0.017140667,1.54e-06,,4,0,65,3.4435446853496763e-07,1.2700004235359677e-07,0.5469601039895617
5,900000.0,12,0.958822,0.0013614360000000002,8899.997061,1000.62,10,5.0,0.00011,1.67e-12,8,0.001,1000.0,0.10046415,1.47e-06,,4,0,65,3.2870199269246907e-07,1.2000001945262021e-07,0.5604118380030327
5,900000.0,12,0.958822,0.001433091,8886.622285,1000.62,10,5.0,0.00011,1.67e-12,8,0.001,1000.0,0.008774731,1.46e-06,,4,0,65,3.264659247149693e-07,1.1399998079919383e-07,0.5627507870093538
5,900000.0,12,0.958822,0.001498829,8898.078106,1000.62,10,5.0,0.00011,1.67e-12,8,0.001,1000.0,0.11708332699999999,1.33e-06,,4,0,65,2.97397041007472e-07,1.0899999031477072e-07,0.5892328790152243
5,900000.0,12,0.958822,0.0015708879999999999,8894.609605,1000.62,10,5.0,0.00011,1.67e-12,8,0.001,1000.0,0.133742279,1.3e-06,,4,0,65,2.9068883707497267e-07,1.0399999648829038e-07,0.5961091360112769
5,900000.0,12,0.958822,0.0016468989999999998,8871.768716,1000.62,10,5.0,0.00011,8.33e-12,8,0.001,1000.0,0.06667000000000001,1.25e-06,,4,0,65,2.7950849718747374e-07,9.919997916295869e-08,0.608696475986322
5,900000.0,12,0.958822,0.001719709,8904.551379,1000.62,10,5.0,0.00011,1.6299999999999997e-12,8,0.001,1000.0,0.06667000000000001,1.01e-06,,4,0,65,2.2584286572747878e-07,9.499999504770718e-08,0.6759182780029588
5,900000.0,12,0.958822,0.0017913629999999998,8904.285202,1000.62,10,5.0,0.00011,1.3000000000000001e-12,8,0.001,1000.0,0.06667000000000001,8.629999999999999e-07,,4,0,65,1.9297266645823182e-07,9.120002282256444e-08,0.7312333170001258
5,900000.0,12,0.958822,0.001862855,8897.612141,1000.62,10,5.0,0.00011,8.329999999999999e-13,8,0.001,1000.0,0.06667000000000001,8.25e-07,,4,0,65,1.8447560814373265e-07,8.769998012915523e-08,0.7481646599937635
5,900000.0,12,0.958822,0.000572834,8906.958028000001,1000.62,10,5.0,0.00011,1.67e-12,8,0.002,1000.0,0.06667000000000001,7.87e-07,,4,0,65,1.7597854982923345e-07,7.130003914026466e-08,0.7656121740117483
5,900000.0,12,0.958822,0.001933401,8898.270006,1000.62,10,5.0,0.00011,1.67e-12,8,0.001,1000.0,0.150226664,7.87e-07,,4,0,65,1.7597854982923345e-07,8.449998033698e-08,0.7659858439822235
5,900000.0,12,0.958822,0.002004569,8899.408825,1000.62,10,5.0,0.00011,1.67e-12,8,0.001,1000.0,0.166854679,6.709999999999999e-07,,4,0,65,1.5004016129023585e-07,8.1499986522538e-08,0.829505100015232
3,80000.0,14,,,,,10,,0.00026000000000000003,2.78e-12,5,0.002,3000.0,,6.8e-06,,2,0,66,,,
23,240000.0,2,0.7474335,0.003085799,910845.5556,1142.62,10,30.0,0.000455,0.0,1,0.0002,2400.0,0.015,7.81e-06,,4,3,67,7.129521956858912e-07,9.779999580150033e-06,0.027439050000529232
5,2000000.0,2,0.7474335,0.000735049,4749.867762,1142.62,6,8.0,,,19,0.003,2500.0,0.08,1e-05,0.002061,4,0,68,1.767766952966369e-06,1.980000020844239e-07,0.24130614600902076
5,2000000.0,2,0.7474335,0.000735049,4736.278268999999,1142.62,6,8.0,,,19,0.003,2500.0,0.08,9.34e-06,,4,0,68,1.6510943340705887e-06,1.980000020844239e-07,0.2500443810083334
5,2000000.0,2,0.7474335,0.000735049,4740.5055729999995,1142.62,6,8.0,,,19,0.003,2500.0,0.08,7.21e-06,0.002281,4,0,68,1.274559973088752e-06,1.980000020844239e-07,0.2844652230079406
5,2000000.0,2,0.7474335,0.000735049,4740.933868,1142.62,6,8.0,,,19,0.003,2500.0,0.08,6.54e-06,,4,0,68,1.1561195872400053e-06,1.980000020844239e-07,0.29866774299611365
5,2000000.0,2,0.7474335,0.000735049,4739.268736,1142.62,6,8.0,,,19,0.003,2500.0,0.08,6.04e-06,,4,0,68,1.0677312395916867e-06,1.980000020844239e-07,0.3108386439900535
5,2000000.0,2,0.7474335,0.000735049,4739.7159090000005,1142.62,6,8.0,,,19,0.003,2500.0,0.08,4.41e-06,,4,0,68,7.795852262581688e-07,1.980000020844239e-07,0.3637589539926798
5,2000000.0,2,0.7474335,0.000735049,4735.509636,1142.62,6,8.0,,,19,0.003,2500.0,0.08,2.89e-06,,4,0,68,5.108846494072806e-07,1.980000020844239e-07,0.4495488170082009
5,300000.0,13,1.048316,0.010481536,11917.29913,894.313,10,18.0,4e-05,,12,0.001,1700.0,0.36,4.89e-07,,0,6,69,5.762920266670362e-08,4.120000181952841e-08,1.3376337460461307
5,300000.0,13,1.048316,0.0005242999999999999,11910.454259999999,894.313,10,14.0,0.00021,1.39e-11,6,0.002,4000.0,0.05,6.579999999999999e-05,,2,0,70,8.792894858918761e-06,1.1399989632482857e-06,0.10832216699220981
5,300000.0,13,1.048316,0.0005242999999999999,11903.61154,894.313,10,14.0,0.00021,1.39e-11,6,0.002,4000.0,0.1,3.6200000000000006e-05,,2,0,70,4.837428478614882e-06,1.1399989632482857e-06,0.14608337401486324
5,300000.0,13,1.048316,0.000524026,11892.70783,894.313,10,14.0,0.00021,1.39e-11,6,0.002,2941.961118,0.02,3.5600000000000005e-05,,2,0,70,4.757250106041155e-06,6.17000268891309e-07,0.14737678401660667
5,300000.0,13,1.048316,0.00052419,11891.63156,894.313,10,14.0,0.00021,1.39e-11,6,0.002,2453.526323,0.02,3.14e-05,,2,0,70,4.196001498025062e-06,4.2899975411385054e-07,0.15693105797797904
5,300000.0,13,1.048316,0.000524026,7155.178204000001,894.313,10,14.0,0.00021,1.39e-11,6,0.002,1956.9320280000002,0.02,2.8999999999999997e-05,,2,0,70,3.875288007730154e-06,2.7300020824799995e-07,0.21051605499909867
5,300000.0,13,1.048316,0.0005242999999999999,11907.12587,894.313,10,14.0,0.00021,1.39e-11,6,0.002,4000.0,1.0,2.75e-05,0.0002979,2,0,70,3.6748420762958357e-06,1.1399989632482857e-06,0.16758094300402165
5,300000.0,13,1.048316,0.00052381,2382.715793,894.313,10,14.0,0.00021,1.39e-11,6,0.002,1459.9120189999999,0.02,2.6899999999999997e-05,,2,0,70,3.5946637037221077e-06,1.5200011418134864e-07,0.3787757679974371
5,300000.0,13,1.048316,0.000523868,11883.0491,894.313,10,14.0,0.00021,1.39e-11,6,0.002,3466.7234280000002,0.02,2.4e-05,,2,0,70,3.2071349029490927e-06,8.570000583799594e-07,0.1795663200363529
5,300000.0,13,1.048316,0.0005242999999999999,11888.12811,894.313,10,14.0,0.00021,1.39e-11,6,0.002,4000.0,0.2,2.3899999999999998e-05,,2,0,70,3.1937718408534714e-06,1.1399989632482857e-06,0.17990314699216287
5,300000.0,13,1.048316,0.0005242999999999999,11932.21316,894.313,10,14.0,0.00021,1.39e-11,6,0.002,4000.0,1.5,2.27e-05,0.0002771,2,0,70,3.0334150957060166e-06,1.1399989632482857e-06,0.1842557370084338
5,300000.0,13,1.048316,0.000524242,1188.737917,894.313,10,14.0,0.00021,1.39e-11,6,0.002,971.8319852,0.02,2.26e-05,,2,0,70,3.0200520336103957e-06,6.72999740547578e-08,0.5850556419322234
5,300000.0,13,1.048316,0.000522262,11922.76474,894.313,10,14.0,0.00021,1.39e-11,6,0.002,3974.670072,0.02,2.13e-05,,2,0,70,2.8463322263673196e-06,1.1299990369340398e-06,0.1902900850149181
5,300000.0,13,1.048316,0.0005242999999999999,11918.595140000001,894.313,10,14.0,0.00021,1.39e-11,6,0.002,4000.0,0.7,2.05e-05,0.0,2,0,70,2.73942772960235e-06,1.1399989632482857e-06,0.19400145396864302
5,300000.0,13,1.048316,7.859999999999999e-05,7147.573778,894.313,10,14.0,0.00021,1.39e-11,6,0.002,485.5967078,0.02,1.74e-05,,2,0,70,2.325172804638092e-06,1.1207100145848384e-07,0.27191959300722673
3,90000.0,2,0.7474335,7.37e-05,4735.564517,1142.62,10,10.0,0.00041,8.329999999999999e-11,13,0.001,800.0,0.03,9.15e-05,,4,6,71,1.4467420295270337e-05,1.8199374596368095e-06,0.08447733800333068
3,90000.0,2,0.7474335,0.000735359,4735.628768,1142.62,10,10.0,0.00041,2.5e-11,13,0.002,4000.0,0.03,8.98e-05,,4,6,71,1.4198626694156024e-05,1.1399992280575955e-06,0.08527262899847056
3,90000.0,2,0.7474335,0.000735359,4735.784836,1142.62,10,10.0,0.00041,5e-11,13,0.002,4000.0,0.03,8e-05,,4,6,71,1.2649110640673518e-05,1.1399992280575955e-06,0.09034324200249545
3,90000.0,2,0.7474335,0.000735359,4737.433872,1142.62,10,10.0,0.00041,4.17e-11,13,0.002,4000.0,0.03,7.759999999999999e-05,,4,6,71,1.226963732145331e-05,1.1399992280575955e-06,0.09171369800204698
3,90000.0,2,0.7474335,0.000735359,4735.431559000001,1142.62,10,10.0,0.00041,1.6699999999999998e-11,13,0.002,4000.0,0.03,6.57e-05,,4,6,71,1.0388082113653126e-05,1.1399992280575955e-06,0.09969518400322054
3,90000.0,2,0.7474335,0.000735359,4730.538963,1142.62,10,10.0,0.00041,8.33e-12,13,0.002,4000.0,0.03,3.289999999999999e-05,,4,6,71,5.201946750976983e-06,1.1399992280575955e-06,0.1409559409976351
3,90000.0,2,0.7474335,0.000735359,4726.276901,1142.62,10,10.0,0.00041,1.6699999999999998e-11,13,0.001,2000.0,0.03,1.86e-05,,4,6,71,2.940918223956593e-06,1.1399992280575955e-06,0.187551522007021
3,90000.0,2,0.7474335,7.340000000000001e-05,4733.083603,1142.62,10,10.0,0.00041,8.329999999999999e-11,13,0.003,800.0,0.03,1.73e-05,,4,6,71,2.7353701760456482e-06,2.0304176623559319e-07,0.19433074100912992
3,90000.0,2,0.7474335,7.35e-05,4739.493877,1142.62,10,10.0,0.00041,8.329999999999999e-11,13,0.002,800.0,0.03,1.62e-05,,4,6,71,2.5614449047363876e-06,4.562224176028329e-07,0.20068418800298873
3,90000.0,2,0.7474335,0.000735359,4740.093307,1142.62,10,10.0,0.00041,1.6699999999999998e-11,13,0.001,2000.0,0.045,8.05e-06,,4,6,71,1.2728167582177725e-06,1.1399992280575955e-06,0.28467233300611167
3,90000.0,2,0.7474335,0.000735359,4735.367328,1142.62,10,10.0,0.00041,1.6699999999999998e-11,13,0.001,2000.0,0.04,7.99e-06,,4,6,71,1.2633299252372676e-06,1.1399992280575955e-06,0.28588174199435373
5,2000000.0,12,0.958822,0.0005723530000000001,8896.483826,1000.62,2,4.0,0.00016,,12,0.004,5000.0,0.005,1.36e-05,,2,6,72,3.4e-06,4.4599974383023207e-07,0.17428288700225333
5,2000000.0,12,0.958822,0.000428304,2395.606639,1000.62,2,4.0,0.00016,,12,0.004,2500.0,0.005,1.27e-05,,2,6,72,3.175e-06,1.4900006267771536e-07,0.347555192998571
5,2000000.0,12,0.958822,0.000572068,5348.612039,1000.62,2,4.0,0.00016,,12,0.004,3750.0,0.005,1.25e-05,,2,6,72,3.125e-06,2.509998398818173e-07,0.23445410500512828
5,2000000.0,12,0.958822,0.000286433,721.2809861000001,1000.62,2,4.0,0.00016,,12,0.004,1250.0,0.005,7.34e-06,,2,6,72,1.835e-06,5.570004402872242e-08,0.8331690420084679
5,2000000.0,12,0.958822,,,1000.62,2,4.0,0.00016,,12,0.004,0.0,0.005,7.06e-06,,4,1,72,1.765e-06,,
